Facility Name,Year,Census,Boarded Out,Boarded In,in-House Census,Sentenced,Civil,Federal,Technical Parole Violators,State Readies,Other Unsentenced
Albany County Jail,2019,416,0,51,467,85,0,62,44,13,264
Albany County Jail,2018,587,0,42,628,124,0,136,39,14,315
Albany County Jail,2017,576,1,42,618,137,0,45,50,18,368
Albany County Jail,2016,571,1,46,616,134,0,48,36,21,377
Albany County Jail,2015,578,1,86,664,122,0,32,34,22,454
Albany County Jail,2014,621,0,212,832,129,0,38,32,24,610
Albany County Jail,2013,629,0,145,774,125,0,44,41,27,537
Albany County Jail,2012,622,0,68,689,136,0,33,42,24,455
Albany County Jail,2011,614,0,9,622,129,0,60,37,25,372
Albany County Jail,2010,698,0,23,721,148,0,102,35,20,417
Albany County Jail,2009,645,0,2,647,138,0,81,37,19,371
Albany County Jail,2008,683,0,4,687,127,0,84,54,17,404
Albany County Jail,2007,724,0,23,747,140,0,93,42,19,453
Albany County Jail,2006,789,1,42,831,169,0,66,61,21,514
Albany County Jail,2005,727,1,60,786,170,0,67,65,13,472
Albany County Jail,2004,779,1,92,870,206,0,62,55,12,536
Albany County Jail,2003,840,2,54,892,211,0,54,45,11,571
Albany County Jail,2002,812,1,13,825,146,0,45,43,9,582
Albany County Jail,2001,745,2,7,750,185,0,57,46,5,457
Albany County Jail,2000,689,1,22,710,230,0,53,48,17,363
Albany County Jail,1999,735,4,30,761,266,0,51,68,49,327
Albany County Jail,1998,688,4,30,714,231,0,64,65,45,309
Albany County Jail,1997,722,4,15,734,268,0,62,56,23,325
Allegany County Jail,2019,84,1,3,86,14,0,40,1,0,30
Allegany County Jail,2018,107,2,4,108,14,0,59,4,0,32
Allegany County Jail,2017,111,3,2,110,12,0,58,5,0,34
Allegany County Jail,2016,122,2,0,121,13,0,64,2,0,41
Allegany County Jail,2015,116,0,1,118,14,0,66,0,0,38
Allegany County Jail,2014,124,0,3,128,17,1,70,0,0,40
Allegany County Jail,2013,131,0,1,132,22,1,68,0,0,42
Allegany County Jail,2012,135,0,2,136,25,1,66,0,0,44
Allegany County Jail,2011,129,0,3,132,23,1,66,0,0,41
Allegany County Jail,2010,138,0,3,141,22,1,66,0,0,52
Allegany County Jail,2009,130,0,1,130,17,1,63,0,0,49
Allegany County Jail,2008,117,0,1,118,12,1,65,0,0,39
Allegany County Jail,2007,63,0,0,63,10,1,15,1,0,37
Allegany County Jail,2006,47,7,0,40,7,3,0,1,0,30
Allegany County Jail,2005,54,15,0,40,9,3,0,1,0,26
Allegany County Jail,2004,46,8,0,38,10,4,0,1,0,23
Allegany County Jail,2003,50,10,0,39,10,2,0,2,1,24
Allegany County Jail,2002,51,16,0,35,8,1,0,4,0,22
Allegany County Jail,2001,41,10,0,31,9,2,0,2,1,18
Allegany County Jail,2000,58,7,0,51,20,2,0,3,1,25
Allegany County Jail,1999,49,2,0,47,18,2,0,2,4,22
Allegany County Jail,1998,46,5,0,41,12,1,0,3,3,21
Allegany County Jail,1997,37,3,0,35,12,1,0,3,2,18
All Non-NYC Facilities,2019,12682,235,259,12706,3064,66,1089,973,180,7334
All Non-NYC Facilities,2018,14475,250,288,14513,3469,67,1142,1023,213,8601
All Non-NYC Facilities,2017,15305,319,329,15314,3806,76,1034,971,229,9198
All Non-NYC Facilities,2016,15446,338,351,15459,3882,74,1043,969,238,9254
All Non-NYC Facilities,2015,15515,406,424,15534,4001,87,991,819,228,9408
All Non-NYC Facilities,2014,16163,593,613,16184,4261,109,989,722,252,9850
All Non-NYC Facilities,2013,16756,612,619,16763,4414,93,1105,797,252,10102
All Non-NYC Facilities,2012,17016,572,577,17020,4494,92,1261,784,236,10154
All Non-NYC Facilities,2011,16867,533,477,16810,4589,87,1344,758,263,9769
All Non-NYC Facilities,2010,16836,389,350,16797,4741,93,1309,754,219,9681
All Non-NYC Facilities,2009,16168,306,280,16142,4576,108,1149,740,232,9337
All Non-NYC Facilities,2008,16195,338,329,16186,4637,107,1086,795,215,9346
All Non-NYC Facilities,2007,16581,522,437,16496,4661,103,1008,896,227,9600
All Non-NYC Facilities,2006,16658,505,480,16634,4870,109,909,1079,267,9401
All Non-NYC Facilities,2005,16074,530,564,16108,4858,102,928,992,270,8959
All Non-NYC Facilities,2004,16146,533,557,16170,4926,96,971,951,237,8990
All Non-NYC Facilities,2003,15479,364,355,15470,4850,96,885,876,264,8500
All Non-NYC Facilities,2002,15090,313,314,15091,4787,93,762,985,335,8129
All Non-NYC Facilities,2001,13903,237,205,13871,4688,85,676,915,201,7306
All Non-NYC Facilities,2000,14067,291,257,14033,4915,74,553,1001,511,6980
All Non-NYC Facilities,1999,15464,383,359,15439,5436,66,436,1275,1288,6938
All Non-NYC Facilities,1998,15667,351,348,15664,5365,71,556,1252,1037,7384
All Non-NYC Facilities,1997,14934,355,319,14899,5202,60,558,1104,691,7285
All NYC Facilities,2019,7234,5,0,7228,800,8,75,738,10,5597
All NYC Facilities,2018,8346,6,0,8340,1047,7,95,718,11,6463
All NYC Facilities,2017,9152,7,0,9145,1277,9,113,683,16,7047
All NYC Facilities,2016,9621,14,0,9607,1273,11,115,658,22,7527
Broome County Jail,2019,441,3,37,475,110,1,13,13,5,334
Broome County Jail,2018,457,0,24,481,107,0,19,7,6,341
Broome County Jail,2017,500,1,15,514,110,0,11,0,10,383
Broome County Jail,2016,517,14,2,505,97,0,3,8,13,383
Broome County Jail,2015,492,4,4,491,107,0,14,11,12,348
Broome County Jail,2014,481,5,11,486,107,0,10,9,12,348
Broome County Jail,2013,517,14,2,505,101,0,8,10,11,374
Broome County Jail,2012,501,10,1,493,117,0,14,12,10,340
Broome County Jail,2011,459,3,8,464,91,0,25,13,10,326
Broome County Jail,2010,446,0,9,455,100,0,25,14,8,306
Broome County Jail,2009,426,0,1,427,83,0,22,14,7,301
Broome County Jail,2008,431,1,1,430,87,0,30,15,4,293
Broome County Jail,2007,448,2,1,448,103,0,30,16,7,290
Broome County Jail,2006,444,1,6,449,109,0,20,29,12,280
Broome County Jail,2005,405,1,8,412,109,0,9,30,14,250
Broome County Jail,2004,398,2,6,402,109,0,17,28,11,237
Broome County Jail,2003,393,1,5,397,98,0,15,19,15,251
Broome County Jail,2002,432,1,1,432,113,0,13,5,23,278
Broome County Jail,2001,390,1,1,390,111,0,16,23,9,231
Broome County Jail,2000,386,2,1,385,108,0,15,25,19,218
Broome County Jail,1999,403,6,0,398,103,0,3,40,63,188
Broome County Jail,1998,402,3,0,400,120,0,5,34,41,200
Broome County Jail,1997,376,0,0,376,91,0,10,35,29,211
Cattaraugus County Jail,2019,135,4,0,131,47,0,19,9,1,54
Cattaraugus County Jail,2018,133,2,0,131,39,0,23,7,1,61
Cattaraugus County Jail,2017,131,1,1,131,41,0,26,7,1,56
Cattaraugus County Jail,2016,134,0,0,134,46,0,22,5,2,60
Cattaraugus County Jail,2015,128,1,0,127,45,0,22,4,2,54
Cattaraugus County Jail,2014,129,1,2,130,53,0,15,3,2,56
Cattaraugus County Jail,2013,120,0,0,120,44,0,19,6,1,50
Cattaraugus County Jail,2012,118,0,0,118,39,0,10,6,2,62
Cattaraugus County Jail,2011,127,0,0,127,45,0,14,4,2,62
Cattaraugus County Jail,2010,110,0,0,110,36,0,16,5,2,51
Cattaraugus County Jail,2009,114,0,0,114,36,0,20,5,2,51
Cattaraugus County Jail,2008,105,0,1,105,36,0,11,5,1,51
Cattaraugus County Jail,2007,119,0,0,119,42,0,19,5,2,51
Cattaraugus County Jail,2006,127,0,0,127,47,0,20,5,2,52
Cattaraugus County Jail,2005,117,0,0,117,47,0,20,4,2,43
Cattaraugus County Jail,2004,112,0,1,112,47,0,8,4,3,50
Cattaraugus County Jail,2003,124,0,3,126,52,0,7,5,3,60
Cattaraugus County Jail,2002,115,0,12,127,51,0,0,6,4,66
Cattaraugus County Jail,2001,104,0,3,107,51,0,0,5,2,50
Cattaraugus County Jail,2000,106,0,0,106,59,0,0,5,9,33
Cattaraugus County Jail,1999,123,0,0,123,79,0,0,4,14,27
Cattaraugus County Jail,1998,125,0,0,125,63,0,0,5,11,46
Cattaraugus County Jail,1997,107,0,9,116,51,0,0,5,6,53
Cayuga County Jail,2019,145,1,12,156,29,4,39,8,2,73
Cayuga County Jail,2018,156,0,10,166,41,3,38,10,1,73
Cayuga County Jail,2017,156,0,14,170,48,3,27,11,2,80
Cayuga County Jail,2016,164,0,12,176,38,2,41,11,2,82
Cayuga County Jail,2015,163,0,7,170,42,3,33,12,2,78
Cayuga County Jail,2014,183,0,0,183,37,2,42,7,3,92
Cayuga County Jail,2013,191,0,0,191,55,6,30,7,3,90
Cayuga County Jail,2012,190,0,0,190,51,2,35,7,3,92
Cayuga County Jail,2011,192,0,0,192,57,2,48,7,2,76
Cayuga County Jail,2010,184,0,0,184,51,3,51,5,3,71
Cayuga County Jail,2009,181,0,1,182,43,0,46,3,2,87
Cayuga County Jail,2008,177,1,0,177,55,0,39,4,2,76
Cayuga County Jail,2007,171,0,2,174,66,0,36,5,1,66
Cayuga County Jail,2006,150,0,23,173,57,0,31,6,1,79
Cayuga County Jail,2005,151,0,12,163,67,0,28,4,2,62
Cayuga County Jail,2004,162,0,6,167,69,0,30,7,2,60
Cayuga County Jail,2003,162,0,8,169,56,0,39,5,5,64
Cayuga County Jail,2002,147,1,8,154,55,0,17,8,6,68
Cayuga County Jail,2001,102,1,2,104,47,0,0,5,3,49
Cayuga County Jail,2000,99,1,0,99,45,0,0,4,5,45
Cayuga County Jail,1999,117,8,0,109,52,0,0,6,13,38
Cayuga County Jail,1998,101,1,0,100,36,0,0,7,11,46
Cayuga County Jail,1997,87,2,2,87,33,0,0,4,6,44
Chautauqua County Jail,2019,236,0,0,237,45,0,45,15,1,131
Chautauqua County Jail,2018,260,0,0,260,36,0,31,14,2,176
Chautauqua County Jail,2017,282,8,0,274,42,0,27,13,2,189
Chautauqua County Jail,2016,275,1,0,274,48,0,25,9,2,190
Chautauqua County Jail,2015,268,1,1,268,49,0,16,9,2,193
Chautauqua County Jail,2014,283,6,0,278,60,0,21,8,2,186
Chautauqua County Jail,2013,279,0,0,279,62,0,19,11,2,184
Chautauqua County Jail,2012,287,0,0,287,58,0,46,10,2,171
Chautauqua County Jail,2011,272,0,0,272,55,0,53,12,1,150
Chautauqua County Jail,2010,281,0,0,281,56,0,59,11,2,153
Chautauqua County Jail,2009,273,0,0,273,49,0,60,11,2,150
Chautauqua County Jail,2008,260,0,0,260,48,0,49,8,2,153
Chautauqua County Jail,2007,253,0,0,253,60,0,32,8,3,150
Chautauqua County Jail,2006,262,0,0,262,67,0,14,15,3,163
Chautauqua County Jail,2005,263,0,1,264,48,0,19,15,5,177
Chautauqua County Jail,2004,252,0,1,253,50,0,31,13,3,156
Chautauqua County Jail,2003,241,0,1,243,63,0,28,11,4,136
Chautauqua County Jail,2002,243,0,0,243,55,0,19,16,7,146
Chautauqua County Jail,2001,229,0,0,229,49,0,15,16,2,147
Chautauqua County Jail,2000,207,0,9,216,48,0,7,10,12,139
Chautauqua County Jail,1999,214,0,0,214,51,0,2,13,22,127
Chautauqua County Jail,1998,233,0,0,233,54,0,10,16,12,142
Chautauqua County Jail,1997,220,0,0,220,45,0,22,16,13,125
Chemung County Jail,2019,132,0,4,135,53,2,0,10,2,69
Chemung County Jail,2018,155,1,7,161,65,2,0,13,2,80
Chemung County Jail,2017,164,0,8,171,71,1,0,13,2,85
Chemung County Jail,2016,150,0,15,165,72,1,0,11,2,81
Chemung County Jail,2015,167,0,5,172,82,1,0,9,2,78
Chemung County Jail,2014,160,0,9,169,74,1,0,8,2,83
Chemung County Jail,2013,187,0,18,204,81,1,0,12,2,108
Chemung County Jail,2012,189,2,9,196,82,0,0,11,2,101
Chemung County Jail,2011,163,1,0,162,74,0,1,14,2,72
Chemung County Jail,2010,181,0,0,181,80,0,0,15,2,84
Chemung County Jail,2009,190,1,0,190,83,0,0,15,3,88
Chemung County Jail,2008,177,0,0,177,72,0,0,20,2,84
Chemung County Jail,2007,189,0,1,190,69,0,0,19,2,99
Chemung County Jail,2006,208,0,2,210,63,0,0,22,2,122
Chemung County Jail,2005,192,1,14,205,65,0,0,22,3,115
Chemung County Jail,2004,195,1,7,201,76,0,0,16,2,106
Chemung County Jail,2003,182,3,5,184,66,0,0,18,2,97
Chemung County Jail,2002,192,4,1,188,68,0,0,20,5,95
Chemung County Jail,2001,159,2,0,157,64,0,0,12,2,79
Chemung County Jail,2000,197,3,1,195,71,0,0,18,10,94
Chemung County Jail,1999,180,1,21,200,78,0,0,18,14,89
Chemung County Jail,1998,192,1,16,206,83,0,1,15,17,90
Chemung County Jail,1997,165,1,20,184,75,0,7,15,11,77
Chenango County Jail,2019,87,0,1,88,20,5,1,3,6,52
Chenango County Jail,2018,93,0,0,93,28,3,1,4,7,51
Chenango County Jail,2017,98,0,1,98,29,3,4,4,4,55
Chenango County Jail,2016,99,0,2,101,27,6,5,3,5,56
Chenango County Jail,2015,95,0,5,100,33,3,3,3,4,53
Chenango County Jail,2014,99,0,4,103,32,5,8,2,4,52
Chenango County Jail,2013,104,0,12,116,40,2,19,3,6,46
Chenango County Jail,2012,84,0,9,92,32,2,11,2,2,43
Chenango County Jail,2011,98,0,6,104,30,1,20,2,1,50
Chenango County Jail,2010,90,0,10,99,38,1,8,1,1,51
Chenango County Jail,2009,63,0,3,67,29,2,0,2,0,33
Chenango County Jail,2008,62,0,24,86,40,3,7,3,0,33
Chenango County Jail,2007,59,0,16,75,36,2,4,2,1,29
Chenango County Jail,2006,61,2,16,76,43,1,0,3,1,28
Chenango County Jail,2005,54,3,0,51,19,2,0,2,1,27
Chenango County Jail,2004,61,7,0,54,26,2,0,3,2,21
Chenango County Jail,2003,56,4,0,52,28,1,0,2,1,20
Chenango County Jail,2002,64,9,0,55,29,2,0,2,3,20
Chenango County Jail,2001,58,2,0,56,35,1,0,1,2,18
Chenango County Jail,2000,50,0,0,50,32,0,0,1,3,14
Chenango County Jail,1999,55,0,1,56,37,0,0,3,4,12
Chenango County Jail,1998,36,0,3,38,22,0,0,3,3,10
Chenango County Jail,1997,38,1,5,43,27,0,0,2,1,13
Clinton County Jail,2019,176,0,0,175,55,0,31,15,2,73
Clinton County Jail,2018,217,0,2,219,60,0,40,14,2,102
Clinton County Jail,2017,207,1,16,223,46,0,38,16,2,119
Clinton County Jail,2016,208,0,2,210,59,0,39,20,3,89
Clinton County Jail,2015,187,2,0,186,50,0,23,18,3,92
Clinton County Jail,2014,216,0,3,219,62,0,28,12,4,114
Clinton County Jail,2013,221,0,1,222,69,0,30,12,4,107
Clinton County Jail,2012,209,0,1,210,72,0,31,13,3,91
Clinton County Jail,2011,207,0,1,207,69,0,40,10,3,86
Clinton County Jail,2010,204,0,6,209,73,1,45,7,2,81
Clinton County Jail,2009,175,1,13,187,63,1,26,5,3,89
Clinton County Jail,2008,188,0,21,208,64,2,36,7,2,97
Clinton County Jail,2007,182,0,34,216,64,3,43,7,1,97
Clinton County Jail,2006,162,0,13,175,68,2,30,5,1,68
Clinton County Jail,2005,134,5,1,130,54,1,9,4,2,60
Clinton County Jail,2004,113,2,2,114,46,1,3,6,2,56
Clinton County Jail,2003,112,0,6,118,46,1,7,5,5,54
Clinton County Jail,2002,101,0,8,109,53,0,5,5,1,45
Clinton County Jail,2001,105,0,6,111,51,0,3,5,2,49
Clinton County Jail,2000,102,0,7,109,50,1,6,4,9,39
Clinton County Jail,1999,105,0,7,112,40,1,14,6,5,46
Clinton County Jail,1998,106,0,6,112,43,1,14,6,7,41
Clinton County Jail,1997,106,0,7,113,39,0,24,4,3,43
Columbia County Jail,2019,68,0,6,73,9,2,1,6,1,54
Columbia County Jail,2018,70,0,16,86,11,2,0,8,1,63
Columbia County Jail,2017,81,0,16,97,10,5,1,8,1,72
Columbia County Jail,2016,83,0,22,104,11,4,1,10,1,77
Columbia County Jail,2015,68,0,30,98,10,3,3,5,1,76
Columbia County Jail,2014,72,0,21,93,11,4,2,6,2,68
Columbia County Jail,2013,75,0,31,106,12,2,2,7,1,82
Columbia County Jail,2012,90,1,14,103,11,2,3,6,1,80
Columbia County Jail,2011,90,0,15,105,11,1,4,4,1,85
Columbia County Jail,2010,97,0,10,107,22,1,10,2,1,71
Columbia County Jail,2009,86,0,13,99,13,1,3,6,1,74
Columbia County Jail,2008,92,0,15,107,17,2,1,5,1,80
Columbia County Jail,2007,96,0,21,117,17,3,0,5,1,90
Columbia County Jail,2006,105,0,13,118,22,2,1,7,1,85
Columbia County Jail,2005,103,0,13,116,27,1,3,5,1,78
Columbia County Jail,2004,94,1,22,115,30,0,3,5,1,75
Columbia County Jail,2003,92,1,18,110,28,1,3,5,2,72
Columbia County Jail,2002,94,0,26,120,27,1,3,7,2,79
Columbia County Jail,2001,85,0,22,106,21,2,5,6,1,71
Columbia County Jail,2000,95,1,27,121,28,2,6,9,4,72
Columbia County Jail,1999,104,0,26,130,30,2,2,12,13,71
Columbia County Jail,1998,108,0,19,128,30,2,5,9,8,74
Columbia County Jail,1997,105,0,15,120,33,1,6,8,6,66
Cortland County Jail,2019,76,34,0,43,13,1,0,4,1,25
Cortland County Jail,2018,92,11,0,81,18,1,0,7,1,54
Cortland County Jail,2017,93,13,0,80,14,1,0,5,1,59
Cortland County Jail,2016,91,11,0,80,10,1,0,5,1,63
Cortland County Jail,2015,89,8,1,82,13,1,0,6,1,61
Cortland County Jail,2014,76,6,0,70,12,1,0,5,1,51
Cortland County Jail,2013,73,8,0,65,15,1,0,4,2,42
Cortland County Jail,2012,68,7,0,62,10,1,0,4,1,45
Cortland County Jail,2011,64,3,0,61,14,1,0,4,1,40
Cortland County Jail,2010,69,5,0,64,19,2,0,4,1,38
Cortland County Jail,2009,61,2,0,58,16,2,0,3,1,35
Cortland County Jail,2008,55,3,0,51,20,2,0,2,1,27
Cortland County Jail,2007,63,2,0,62,25,2,0,1,1,33
Cortland County Jail,2006,66,7,0,60,20,3,0,3,2,32
Cortland County Jail,2005,58,4,0,54,22,1,0,2,1,27
Cortland County Jail,2004,64,6,1,60,24,2,0,3,1,29
Cortland County Jail,2003,64,5,0,59,21,1,0,3,1,33
Cortland County Jail,2002,54,4,0,50,22,3,0,2,3,20
Cortland County Jail,2001,49,2,0,47,17,5,0,2,2,22
Cortland County Jail,2000,58,3,0,55,27,3,0,2,6,19
Cortland County Jail,1999,63,3,0,60,28,4,0,3,7,19
Cortland County Jail,1998,56,1,2,57,29,4,0,3,6,14
Cortland County Jail,1997,53,2,2,53,28,3,0,2,3,17
Delaware County Jail,2019,58,0,17,76,14,1,10,3,1,48
Delaware County Jail,2018,68,0,12,79,17,2,7,4,1,48
Delaware County Jail,2017,81,0,12,93,17,1,16,3,1,55
Delaware County Jail,2016,80,0,8,87,22,1,3,3,1,57
Delaware County Jail,2015,75,0,5,80,31,1,4,3,1,40
Delaware County Jail,2014,83,0,2,86,32,1,5,3,1,43
Delaware County Jail,2013,71,0,12,83,25,1,8,3,1,45
Delaware County Jail,2012,64,0,4,68,23,1,4,2,1,36
Delaware County Jail,2011,59,0,5,63,24,2,0,3,1,33
Delaware County Jail,2010,66,0,5,71,28,2,1,5,1,33
Delaware County Jail,2009,62,0,3,65,27,2,4,5,0,27
Delaware County Jail,2008,66,0,7,72,26,2,6,5,0,33
Delaware County Jail,2007,55,0,12,68,23,3,4,4,1,34
Delaware County Jail,2006,65,0,17,81,28,3,0,6,0,44
Delaware County Jail,2005,50,0,13,63,29,2,0,4,1,27
Delaware County Jail,2004,54,0,4,59,30,2,0,5,0,22
Delaware County Jail,2003,49,23,0,27,9,0,0,3,0,14
Delaware County Jail,2002,39,15,0,24,9,1,0,2,0,12
Delaware County Jail,2001,33,10,0,23,7,0,0,2,0,13
Delaware County Jail,2000,46,23,0,23,6,0,0,4,3,10
Delaware County Jail,1999,41,15,0,26,9,0,0,3,3,11
Delaware County Jail,1998,38,13,0,25,11,0,0,2,2,10
Delaware County Jail,1997,40,15,0,25,8,0,0,1,1,14
Dutchess County Jail,2019,313,7,0,307,70,1,0,18,3,214
Dutchess County Jail,2018,379,8,0,371,80,1,0,18,4,268
Dutchess County Jail,2017,423,11,0,412,93,2,0,19,5,292
Dutchess County Jail,2016,401,11,0,390,81,3,0,24,4,278
Dutchess County Jail,2015,434,88,0,346,71,3,0,17,4,251
Dutchess County Jail,2014,469,223,0,247,43,3,0,8,5,187
Dutchess County Jail,2013,444,194,0,250,43,4,0,11,5,186
Dutchess County Jail,2012,446,200,0,246,51,6,0,13,4,171
Dutchess County Jail,2011,411,158,0,253,54,6,0,12,4,177
Dutchess County Jail,2010,380,115,2,266,50,5,1,13,3,195
Dutchess County Jail,2009,338,77,1,262,49,8,0,11,3,192
Dutchess County Jail,2008,327,78,1,250,44,9,0,10,2,184
Dutchess County Jail,2007,310,61,0,249,60,8,1,12,2,166
Dutchess County Jail,2006,308,56,0,251,53,6,1,16,3,173
Dutchess County Jail,2005,327,59,0,268,53,4,0,19,3,189
Dutchess County Jail,2004,327,27,1,301,66,4,0,23,1,206
Dutchess County Jail,2003,310,16,0,294,62,4,0,23,2,203
Dutchess County Jail,2002,331,34,1,298,65,3,1,27,4,199
Dutchess County Jail,2001,308,20,0,288,65,3,0,25,2,193
Dutchess County Jail,2000,286,8,0,278,63,2,2,24,9,178
Dutchess County Jail,1999,337,26,0,312,69,1,2,31,21,188
Dutchess County Jail,1998,290,11,1,280,58,2,2,21,11,186
Dutchess County Jail,1997,285,10,0,275,68,1,1,24,8,173
Erie County CF,2019,434,0,0,434,143,0,0,50,0,240
Erie County CF,2018,543,0,0,543,183,0,0,62,0,298
Erie County CF,2017,644,0,0,644,229,0,0,69,0,346
Erie County CF,2016,690,0,0,690,236,0,0,57,0,397
Erie County CF,2015,700,0,0,700,273,0,1,38,0,388
Erie County CF,2014,696,0,0,696,276,2,3,40,1,375
Erie County CF,2013,746,0,0,746,290,3,3,51,0,399
Erie County CF,2012,747,0,0,747,274,2,4,47,0,420
Erie County CF,2011,749,0,0,749,284,0,0,46,0,420
Erie County CF,2010,775,0,0,775,407,0,0,31,0,337
Erie County CF,2009,836,0,0,836,478,0,0,40,0,318
Erie County CF,2008,864,0,0,864,507,0,0,59,0,298
Erie County CF,2007,914,0,0,914,459,0,0,22,0,433
Erie County CF,2006,935,0,0,935,527,4,0,45,0,360
Erie County CF,2005,919,0,0,919,493,0,0,79,0,347
Erie County CF,2004,926,0,0,926,527,0,0,87,0,312
Erie County CF,2003,848,0,0,848,510,2,0,81,0,255
Erie County CF,2002,911,0,0,911,573,4,0,107,1,225
Erie County CF,2001,803,0,0,803,533,4,0,103,1,163
Erie County CF,2000,756,0,0,756,521,4,0,96,0,135
Erie County CF,1999,772,0,0,772,532,3,0,118,0,119
Erie County CF,1998,747,0,0,747,529,2,0,112,0,103
Erie County CF,1997,674,0,0,674,527,2,0,92,0,53
Erie County Jail,2019,418,0,0,418,66,1,0,38,6,307
Erie County Jail,2018,415,1,0,414,65,1,0,38,6,304
Erie County Jail,2017,426,1,0,426,67,1,0,33,5,319
Erie County Jail,2016,493,0,0,493,82,1,8,41,5,356
Erie County Jail,2015,501,0,0,501,79,1,23,32,4,362
Erie County Jail,2014,472,0,0,472,70,1,32,26,4,338
Erie County Jail,2013,508,0,0,508,83,1,45,21,3,355
Erie County Jail,2012,518,0,0,518,82,2,38,33,6,357
Erie County Jail,2011,483,0,0,483,93,2,22,44,13,309
Erie County Jail,2010,480,0,0,480,92,1,8,46,10,322
Erie County Jail,2009,462,0,0,462,64,2,6,27,13,350
Erie County Jail,2008,477,0,0,477,26,1,14,13,8,415
Erie County Jail,2007,552,0,0,552,32,1,51,60,9,399
Erie County Jail,2006,585,0,0,585,41,1,49,57,14,423
Erie County Jail,2005,544,0,0,544,65,1,57,30,17,373
Erie County Jail,2004,578,0,0,578,40,1,60,40,16,421
Erie County Jail,2003,536,0,0,536,36,2,67,39,16,376
Erie County Jail,2002,568,0,0,568,43,2,60,42,21,400
Erie County Jail,2001,557,0,0,557,33,2,57,41,13,411
Erie County Jail,2000,567,0,0,567,46,1,40,45,24,412
Erie County Jail,1999,621,0,0,621,122,2,11,56,97,334
Erie County Jail,1998,626,2,0,624,89,1,19,37,66,412
Erie County Jail,1997,665,26,0,639,45,0,28,36,20,509
Erie County Yankee Compound,2019,0,0,0,0,0,0,0,0,0,0
Erie County Yankee Compound,2018,0,0,0,0,0,0,0,0,0,0
Erie County Yankee Compound,2017,0,0,0,0,0,0,0,0,0,0
Erie County Yankee Compound,2016,0,0,0,0,0,0,0,0,0,0
Erie County Yankee Compound,2015,0,0,0,0,0,0,0,0,0,0
Erie County Yankee Compound,2014,3,0,0,3,3,0,0,0,0,0
Erie County Yankee Compound,2013,30,0,0,30,30,0,0,0,0,0
Erie County Yankee Compound,2012,61,0,0,61,61,0,0,0,0,0
Erie County Yankee Compound,2011,65,0,0,65,65,0,0,0,0,0
Erie County Yankee Compound,2010,80,0,0,80,80,0,0,0,0,0
Erie County Yankee Compound,2009,77,0,0,77,77,0,0,0,0,0
Erie County Yankee Compound,2008,0,0,0,0,0,0,0,0,0,0
Erie County Yankee Compound,2007,0,0,0,0,0,0,0,0,0,0
Erie County Yankee Compound,2006,0,0,0,0,0,0,0,0,0,0
Erie County Yankee Compound,2005,0,0,0,0,0,0,0,0,0,0
Erie County Yankee Compound,2004,0,0,0,0,0,0,0,0,0,0
Erie County Yankee Compound,2003,0,0,0,0,0,0,0,0,0,0
Erie County Yankee Compound,2002,0,0,0,0,0,0,0,0,0,0
Erie County Yankee Compound,2001,0,0,0,0,0,0,0,0,0,0
Erie County Yankee Compound,2000,0,0,0,0,0,0,0,0,0,0
Erie County Yankee Compound,1999,0,0,0,0,0,0,0,0,0,0
Erie County Yankee Compound,1998,0,0,0,0,0,0,0,0,0,0
Erie County Yankee Compound,1997,0,0,0,0,0,0,0,0,0,0
Essex County Jail,2019,71,0,1,72,11,0,38,2,1,20
Essex County Jail,2018,73,0,1,73,14,0,39,3,1,17
Essex County Jail,2017,72,0,4,76,12,0,37,3,1,24
Essex County Jail,2016,70,1,3,72,14,0,26,3,1,29
Essex County Jail,2015,62,0,5,67,13,0,27,3,1,23
Essex County Jail,2014,81,0,3,84,20,0,25,3,2,34
Essex County Jail,2013,79,0,5,83,15,0,28,3,1,36
Essex County Jail,2012,66,0,15,81,17,0,22,3,1,38
Essex County Jail,2011,73,0,5,78,16,0,33,2,1,27
Essex County Jail,2010,71,0,4,75,14,0,36,1,0,23
Essex County Jail,2009,60,0,6,65,14,0,31,1,0,20
Essex County Jail,2008,35,0,4,38,17,0,2,1,1,17
Essex County Jail,2007,37,16,0,21,9,0,0,1,1,10
Essex County Jail,2006,34,15,0,19,8,0,0,0,0,11
Essex County Jail,2005,39,19,0,19,9,0,0,1,0,10
Essex County Jail,2004,35,16,0,19,9,0,0,1,0,8
Essex County Jail,2003,35,16,0,19,8,0,0,2,0,9
Essex County Jail,2002,35,16,0,19,7,0,0,1,1,10
Essex County Jail,2001,35,15,0,20,10,0,0,1,1,8
Essex County Jail,2000,31,11,0,20,7,0,0,1,1,10
Essex County Jail,1999,37,16,0,21,8,0,0,1,1,11
Essex County Jail,1998,26,5,0,20,10,0,0,0,1,10
Essex County Jail,1997,29,8,0,21,7,0,0,1,1,12
Essex County Sheriff,2019,0,0,0,0,0,0,0,0,0,0
Essex County Sheriff,2018,0,0,0,0,0,0,0,0,0,0
Essex County Sheriff,2017,0,0,0,0,0,0,0,0,0,0
Essex County Sheriff,2016,0,0,0,0,0,0,0,0,0,0
Essex County Sheriff,2015,0,0,0,0,0,0,0,0,0,0
Essex County Sheriff,2014,0,0,0,0,0,0,0,0,0,0
Essex County Sheriff,2013,0,0,0,0,0,0,0,0,0,0
Essex County Sheriff,2012,0,0,0,0,0,0,0,0,0,0
Essex County Sheriff,2011,0,0,0,0,0,0,0,0,0,0
Essex County Sheriff,2010,0,0,0,0,0,0,0,0,0,0
Essex County Sheriff,2009,0,0,0,0,0,0,0,0,0,0
Essex County Sheriff,2008,19,0,0,19,11,0,0,1,0,7
Essex County Sheriff,2007,25,0,0,25,13,0,0,2,1,9
Essex County Sheriff,2006,0,0,0,0,0,0,0,0,0,0
Essex County Sheriff,2005,0,0,0,0,0,0,0,0,0,0
Essex County Sheriff,2004,0,0,0,0,0,0,0,0,0,0
Essex County Sheriff,2003,0,0,0,0,0,0,0,0,0,0
Essex County Sheriff,2002,0,0,0,0,0,0,0,0,0,0
Essex County Sheriff,2001,0,0,0,0,0,0,0,0,0,0
Essex County Sheriff,2000,0,0,0,0,0,0,0,0,0,0
Essex County Sheriff,1999,0,0,0,0,0,0,0,0,0,0
Essex County Sheriff,1998,0,0,0,0,0,0,0,0,0,0
Essex County Sheriff,1997,0,0,0,0,0,0,0,0,0,0
Franklin County Jail,2019,81,3,0,78,29,9,0,6,1,33
Franklin County Jail,2018,91,1,0,90,27,7,0,4,1,51
Franklin County Jail,2017,93,0,1,94,27,9,0,7,1,51
Franklin County Jail,2016,110,3,1,107,35,8,0,7,1,57
Franklin County Jail,2015,106,4,0,102,30,10,0,7,1,54
Franklin County Jail,2014,116,9,1,109,30,6,0,6,1,65
Franklin County Jail,2013,116,8,2,110,35,0,0,3,0,71
Franklin County Jail,2012,114,11,2,105,33,1,0,6,1,66
Franklin County Jail,2011,117,5,0,112,32,1,0,4,0,75
Franklin County Jail,2010,114,7,0,107,29,3,0,4,0,71
Franklin County Jail,2009,105,2,1,104,37,1,0,5,1,60
Franklin County Jail,2008,102,1,0,101,47,1,0,3,1,49
Franklin County Jail,2007,102,3,0,99,38,2,0,3,1,55
Franklin County Jail,2006,94,0,1,95,34,2,1,3,1,53
Franklin County Jail,2005,88,0,2,90,35,4,1,2,1,47
Franklin County Jail,2004,95,0,1,96,40,3,3,3,1,46
Franklin County Jail,2003,92,1,6,97,35,3,5,2,1,51
Franklin County Jail,2002,83,0,12,94,32,0,10,4,1,47
Franklin County Jail,2001,70,0,11,81,28,0,15,2,1,36
Franklin County Jail,2000,70,0,6,75,21,1,20,3,1,29
Franklin County Jail,1999,60,0,13,73,28,1,4,4,1,36
Franklin County Jail,1998,60,0,4,64,21,1,6,6,2,30
Franklin County Jail,1997,67,0,1,68,28,2,8,4,1,25
Fulton County Jail,2019,82,1,18,100,26,0,0,8,1,64
Fulton County Jail,2018,100,0,14,114,29,1,0,7,1,76
Fulton County Jail,2017,86,0,13,98,23,1,0,5,1,68
Fulton County Jail,2016,87,0,9,96,23,0,0,7,1,64
Fulton County Jail,2015,72,1,10,82,19,2,0,5,1,54
Fulton County Jail,2014,90,1,12,101,24,2,0,5,2,69
Fulton County Jail,2013,92,0,17,108,25,3,0,5,2,74
Fulton County Jail,2012,82,0,21,103,22,4,0,3,1,73
Fulton County Jail,2011,84,0,15,99,33,2,0,7,1,56
Fulton County Jail,2010,75,1,9,84,23,2,0,4,1,54
Fulton County Jail,2009,85,1,10,95,26,7,0,4,1,57
Fulton County Jail,2008,72,0,9,81,19,3,0,4,1,53
Fulton County Jail,2007,78,0,7,85,24,3,0,5,1,52
Fulton County Jail,2006,89,0,9,97,29,3,0,3,1,61
Fulton County Jail,2005,85,1,8,92,25,7,0,3,1,56
Fulton County Jail,2004,82,0,12,94,32,7,0,5,1,49
Fulton County Jail,2003,77,0,13,90,28,4,0,4,1,52
Fulton County Jail,2002,78,0,17,94,30,3,0,5,2,54
Fulton County Jail,2001,81,0,12,93,32,4,0,7,2,48
Fulton County Jail,2000,83,0,15,98,29,5,1,7,6,49
Fulton County Jail,1999,86,1,26,112,35,4,0,7,8,56
Fulton County Jail,1998,82,2,41,120,44,3,1,8,5,59
Fulton County Jail,1997,88,0,30,118,44,3,2,7,6,55
Genesee County Jail,2019,104,21,0,83,29,1,0,7,1,44
Genesee County Jail,2018,105,22,0,83,28,0,1,5,2,47
Genesee County Jail,2017,97,20,0,78,26,1,0,5,2,45
Genesee County Jail,2016,92,17,0,76,26,1,1,6,2,41
Genesee County Jail,2015,80,14,1,66,25,0,1,4,2,35
Genesee County Jail,2014,84,15,0,69,26,0,1,5,1,36
Genesee County Jail,2013,88,18,1,70,29,0,1,2,1,37
Genesee County Jail,2012,91,15,1,78,26,1,0,5,2,43
Genesee County Jail,2011,79,10,2,71,21,2,2,5,1,39
Genesee County Jail,2010,77,11,0,66,24,1,1,8,1,30
Genesee County Jail,2009,84,11,0,73,26,2,0,7,2,37
Genesee County Jail,2008,76,6,2,72,24,1,4,7,1,35
Genesee County Jail,2007,81,9,1,73,23,0,7,6,1,36
Genesee County Jail,2006,88,9,1,80,33,0,2,6,2,37
Genesee County Jail,2005,73,6,1,69,24,0,4,5,2,33
Genesee County Jail,2004,85,6,0,79,26,0,1,7,2,42
Genesee County Jail,2003,76,6,0,69,23,0,5,5,3,35
Genesee County Jail,2002,83,5,0,78,21,0,2,7,9,40
Genesee County Jail,2001,79,6,0,73,31,0,1,4,2,36
Genesee County Jail,2000,73,5,1,69,28,0,4,4,7,27
Genesee County Jail,1999,83,7,1,76,32,0,1,8,15,21
Genesee County Jail,1998,77,5,1,73,30,0,3,7,9,25
Genesee County Jail,1997,81,6,0,75,34,0,3,4,5,29
Greene County Jail,2019,35,35,0,0,0,0,0,0,0,0
Greene County Jail,2018,48,41,0,6,1,0,0,1,0,5
Greene County Jail,2017,40,16,0,24,2,1,0,3,1,18
Greene County Jail,2016,59,22,0,37,5,0,0,3,1,28
Greene County Jail,2015,76,30,0,46,9,0,0,5,1,31
Greene County Jail,2014,71,28,0,43,8,0,0,3,1,31
Greene County Jail,2013,85,39,0,46,10,0,0,3,1,32
Greene County Jail,2012,70,19,0,52,12,1,0,3,1,34
Greene County Jail,2011,79,27,0,51,12,1,0,3,2,34
Greene County Jail,2010,78,26,0,51,14,2,0,4,1,30
Greene County Jail,2009,67,19,0,48,14,1,0,5,1,27
Greene County Jail,2008,61,11,0,50,13,2,0,5,1,30
Greene County Jail,2007,66,19,0,46,11,2,0,3,0,30
Greene County Jail,2006,57,11,0,46,10,4,0,3,1,28
Greene County Jail,2005,60,14,0,46,16,2,0,3,2,23
Greene County Jail,2004,58,11,0,47,13,1,0,3,1,30
Greene County Jail,2003,61,12,0,50,18,0,0,1,1,29
Greene County Jail,2002,58,13,1,46,20,0,0,1,2,22
Greene County Jail,2001,54,7,0,48,20,0,0,1,1,25
Greene County Jail,2000,50,4,1,47,20,0,0,2,4,20
Greene County Jail,1999,47,2,2,47,18,0,0,2,7,20
Greene County Jail,1998,43,0,1,44,16,0,0,1,3,24
Greene County Jail,1997,44,2,1,43,15,0,0,2,4,22
Hamilton County Jail,2019,2,0,0,2,1,0,0,0,0,1
Hamilton County Jail,2018,2,0,0,2,0,0,0,0,0,1
Hamilton County Jail,2017,2,0,0,1,0,0,0,0,0,1
Hamilton County Jail,2016,2,0,0,2,1,0,0,0,0,1
Hamilton County Jail,2015,3,0,0,2,1,0,0,0,0,2
Hamilton County Jail,2014,5,1,0,4,1,0,0,0,0,2
Hamilton County Jail,2013,5,1,0,4,1,0,0,0,0,3
Hamilton County Jail,2012,4,0,0,3,1,0,0,0,0,2
Hamilton County Jail,2011,3,0,0,3,2,0,0,0,0,1
Hamilton County Jail,2010,2,0,0,2,1,0,0,0,0,1
Hamilton County Jail,2009,1,0,0,1,1,0,0,0,0,1
Hamilton County Jail,2008,3,0,0,3,1,0,0,0,0,2
Hamilton County Jail,2007,6,1,0,5,2,0,0,0,0,3
Hamilton County Jail,2006,4,0,0,4,2,0,0,0,0,2
Hamilton County Jail,2005,4,0,0,4,2,0,0,0,0,2
Hamilton County Jail,2004,3,0,0,3,2,0,0,0,0,2
Hamilton County Jail,2003,4,0,0,4,1,0,0,0,0,2
Hamilton County Jail,2002,5,0,0,4,2,0,0,0,0,2
Hamilton County Jail,2001,4,0,0,4,2,0,0,0,0,1
Hamilton County Jail,2000,3,0,0,3,1,0,0,0,0,1
Hamilton County Jail,1999,3,0,0,3,2,0,0,0,0,1
Hamilton County Jail,1998,4,1,0,4,2,0,0,0,0,2
Hamilton County Jail,1997,3,0,0,3,2,0,0,0,0,1
Herkimer County Jail,2019,52,29,0,23,3,1,0,2,1,16
Herkimer County Jail,2018,62,34,0,28,5,1,0,3,0,19
Herkimer County Jail,2017,70,38,0,31,3,1,0,3,1,25
Herkimer County Jail,2016,64,32,0,32,6,0,0,3,1,22
Herkimer County Jail,2015,76,44,0,32,6,0,0,2,0,23
Herkimer County Jail,2014,83,53,0,30,4,1,0,2,1,22
Herkimer County Jail,2013,83,54,0,29,3,0,0,2,1,23
Herkimer County Jail,2012,70,44,0,26,4,0,0,1,0,21
Herkimer County Jail,2011,57,28,0,29,5,1,0,1,1,21
Herkimer County Jail,2010,55,26,0,29,6,0,0,1,1,21
Herkimer County Jail,2009,54,25,0,29,6,0,0,1,1,21
Herkimer County Jail,2008,62,32,0,31,6,1,0,1,1,22
Herkimer County Jail,2007,60,28,0,32,6,1,0,1,1,23
Herkimer County Jail,2006,56,23,0,34,4,1,0,1,1,27
Herkimer County Jail,2005,59,23,0,36,6,1,0,2,2,26
Herkimer County Jail,2004,69,22,0,48,8,1,0,2,1,36
Herkimer County Jail,2003,62,14,0,48,9,1,0,3,1,34
Herkimer County Jail,2002,49,2,0,47,12,1,0,3,2,29
Herkimer County Jail,2001,49,3,0,46,12,1,0,0,1,32
Herkimer County Jail,2000,54,6,0,49,9,1,0,3,3,32
Herkimer County Jail,1999,52,4,0,48,7,1,0,2,4,34
Herkimer County Jail,1998,48,3,0,46,7,1,0,4,3,31
Herkimer County Jail,1997,50,4,0,47,7,1,0,2,3,34
Jefferson County Jail,2019,129,1,0,128,23,1,0,12,2,91
Jefferson County Jail,2018,167,7,0,159,23,0,0,14,2,119
Jefferson County Jail,2017,185,19,1,166,24,1,1,14,2,124
Jefferson County Jail,2016,177,9,0,168,28,0,0,10,2,127
Jefferson County Jail,2015,173,16,0,157,27,1,0,7,3,119
Jefferson County Jail,2014,177,51,0,127,17,2,0,8,3,97
Jefferson County Jail,2013,180,45,0,135,25,2,0,5,3,100
Jefferson County Jail,2012,158,24,0,133,22,1,0,5,2,103
Jefferson County Jail,2011,171,30,0,141,29,1,0,6,2,103
Jefferson County Jail,2010,169,27,0,142,25,1,0,6,2,107
Jefferson County Jail,2009,147,8,0,140,32,2,1,6,2,96
Jefferson County Jail,2008,134,1,0,133,34,2,4,6,1,86
Jefferson County Jail,2007,156,13,1,144,34,2,0,5,4,98
Jefferson County Jail,2006,160,10,0,150,37,2,1,8,9,94
Jefferson County Jail,2005,138,3,0,135,40,2,5,7,3,77
Jefferson County Jail,2004,132,4,1,128,44,2,4,4,4,70
Jefferson County Jail,2003,129,3,1,127,41,6,3,4,6,68
Jefferson County Jail,2002,133,1,0,132,46,4,2,4,6,70
Jefferson County Jail,2001,128,0,1,129,46,2,5,2,5,68
Jefferson County Jail,2000,139,0,0,138,57,0,3,4,8,66
Jefferson County Jail,1999,132,1,0,131,55,0,0,4,5,66
Jefferson County Jail,1998,157,5,0,153,70,0,0,5,7,71
Jefferson County Jail,1997,141,0,0,141,72,0,1,5,6,57
Lewis County Jail,2019,34,1,0,33,6,3,1,5,0,18
Lewis County Jail,2018,31,1,0,30,5,3,1,2,0,19
Lewis County Jail,2017,36,2,2,36,6,4,0,2,1,24
Lewis County Jail,2016,34,0,1,35,5,5,1,2,1,21
Lewis County Jail,2015,31,1,3,34,8,1,1,2,0,22
Lewis County Jail,2014,30,0,1,31,7,2,2,0,0,20
Lewis County Jail,2013,31,0,3,34,7,2,2,0,1,22
Lewis County Jail,2012,28,0,2,30,8,1,4,0,1,16
Lewis County Jail,2011,29,0,3,32,4,1,7,0,1,19
Lewis County Jail,2010,27,0,5,32,6,1,5,0,0,20
Lewis County Jail,2009,32,0,0,32,6,0,5,0,1,20
Lewis County Jail,2008,32,1,0,31,6,0,4,1,0,20
Lewis County Jail,2007,33,1,1,33,7,0,5,0,1,20
Lewis County Jail,2006,28,0,3,30,7,0,4,2,0,17
Lewis County Jail,2005,29,0,3,31,10,0,0,1,1,20
Lewis County Jail,2004,21,0,8,28,6,0,2,1,0,19
Lewis County Jail,2003,27,1,3,29,10,0,4,2,0,13
Lewis County Jail,2002,24,0,0,24,8,0,4,1,0,11
Lewis County Jail,2001,18,0,0,18,7,0,0,0,0,10
Lewis County Jail,2000,21,0,3,24,9,0,1,0,0,14
Lewis County Jail,1999,22,0,4,26,7,0,2,0,1,16
Lewis County Jail,1998,30,0,3,33,9,0,7,0,1,17
Lewis County Jail,1997,22,0,7,29,9,0,1,0,0,18
Livingston County Jail,2019,122,4,11,129,23,0,46,8,1,50
Livingston County Jail,2018,132,1,11,142,28,0,42,10,2,59
Livingston County Jail,2017,128,0,15,143,32,0,41,8,2,59
Livingston County Jail,2016,139,3,20,156,36,0,33,8,2,77
Livingston County Jail,2015,132,1,16,147,38,0,30,6,2,70
Livingston County Jail,2014,124,2,15,137,34,0,26,5,2,69
Livingston County Jail,2013,116,1,11,126,38,0,20,5,2,62
Livingston County Jail,2012,104,0,10,114,31,0,9,6,2,66
Livingston County Jail,2011,95,13,8,90,31,0,0,6,2,51
Livingston County Jail,2010,100,13,3,91,29,0,0,6,2,54
Livingston County Jail,2009,94,16,2,80,29,0,0,4,2,45
Livingston County Jail,2008,93,11,1,83,29,0,0,5,1,47
Livingston County Jail,2007,109,21,3,91,29,0,0,6,2,54
Livingston County Jail,2006,84,9,1,76,30,0,0,5,2,39
Livingston County Jail,2005,97,11,2,87,38,0,0,2,2,46
Livingston County Jail,2004,96,11,5,90,29,0,0,2,1,57
Livingston County Jail,2003,90,9,3,83,35,0,0,5,1,43
Livingston County Jail,2002,75,6,4,72,32,0,0,4,2,34
Livingston County Jail,2001,73,7,5,72,31,0,0,4,1,36
Livingston County Jail,2000,82,8,4,78,32,0,0,4,3,38
Livingston County Jail,1999,81,9,2,75,33,0,0,3,6,32
Livingston County Jail,1998,74,7,4,70,32,0,0,5,3,30
Livingston County Jail,1997,74,7,4,71,35,0,0,1,2,33
Madison County Jail,2019,90,1,0,89,32,1,6,6,1,42
Madison County Jail,2018,91,3,0,88,25,2,6,3,1,51
Madison County Jail,2017,82,1,0,81,32,3,4,4,1,37
Madison County Jail,2016,80,0,1,80,30,2,2,2,1,42
Madison County Jail,2015,95,0,0,96,34,2,5,4,1,50
Madison County Jail,2014,96,1,1,95,37,2,3,4,2,47
Madison County Jail,2013,89,1,1,89,42,4,5,3,1,34
Madison County Jail,2012,96,0,2,98,39,4,7,4,1,43
Madison County Jail,2011,89,0,1,90,38,5,9,2,1,36
Madison County Jail,2010,86,1,4,88,40,5,4,2,1,38
Madison County Jail,2009,86,6,3,83,39,5,5,2,0,32
Madison County Jail,2008,96,5,2,93,37,4,14,2,0,36
Madison County Jail,2007,93,3,4,94,36,3,18,3,0,34
Madison County Jail,2006,98,5,6,100,35,3,20,6,1,35
Madison County Jail,2005,95,4,4,95,35,2,17,5,1,35
Madison County Jail,2004,87,5,10,92,35,2,13,3,1,38
Madison County Jail,2003,94,6,8,95,33,2,16,2,1,40
Madison County Jail,2002,98,8,8,97,40,2,19,4,1,30
Madison County Jail,2001,72,6,7,74,29,1,17,1,1,26
Madison County Jail,2000,85,5,2,82,35,0,15,2,4,26
Madison County Jail,1999,89,6,5,88,42,0,14,4,4,24
Madison County Jail,1998,94,5,5,94,46,0,14,2,4,28
Madison County Jail,1997,88,4,8,92,35,0,20,2,3,32
Monroe County CF,2019,48,0,0,48,34,0,0,0,0,13
Monroe County CF,2018,218,0,0,218,146,1,0,1,0,70
Monroe County CF,2017,278,0,0,278,166,0,0,2,0,110
Monroe County CF,2016,320,0,1,321,187,0,0,3,0,131
Monroe County CF,2015,310,0,0,310,183,0,0,1,0,126
Monroe County CF,2014,330,0,0,330,204,0,0,0,0,125
Monroe County CF,2013,323,0,0,323,209,0,0,0,0,114
Monroe County CF,2012,372,0,0,372,263,1,0,1,0,108
Monroe County CF,2011,350,0,9,359,255,0,0,6,0,97
Monroe County CF,2010,344,0,8,353,270,0,1,1,1,80
Monroe County CF,2009,332,0,12,343,267,0,1,1,1,73
Monroe County CF,2008,317,0,7,324,264,1,4,2,1,53
Monroe County CF,2007,348,0,8,356,292,1,2,5,1,54
Monroe County CF,2006,356,0,3,359,327,2,1,9,0,19
Monroe County CF,2005,355,0,2,357,332,2,1,8,0,13
Monroe County CF,2004,359,0,1,360,339,1,1,8,0,12
Monroe County CF,2003,417,0,6,423,351,0,2,11,1,57
Monroe County CF,2002,416,0,3,419,349,1,1,14,1,53
Monroe County CF,2001,377,0,0,377,366,0,0,11,0,0
Monroe County CF,2000,427,0,2,429,349,0,2,15,1,62
Monroe County CF,1999,456,0,1,457,358,0,2,12,2,83
Monroe County CF,1998,411,0,0,411,381,1,1,11,0,17
Monroe County CF,1997,353,0,0,353,344,1,0,7,0,1
Monroe County Jail,2019,918,3,4,919,192,0,47,156,22,503
Monroe County Jail,2018,867,2,4,869,131,0,39,140,28,531
Monroe County Jail,2017,928,2,2,928,151,0,34,131,30,582
Monroe County Jail,2016,998,3,4,998,164,0,55,109,30,640
Monroe County Jail,2015,998,4,2,995,155,0,68,85,28,660
Monroe County Jail,2014,1009,1,2,1011,170,0,56,65,29,691
Monroe County Jail,2013,989,1,1,989,166,0,47,66,26,683
Monroe County Jail,2012,970,1,0,969,161,1,50,65,26,666
Monroe County Jail,2011,1000,6,4,999,196,1,77,64,22,639
Monroe County Jail,2010,1057,3,3,1058,207,1,92,84,23,651
Monroe County Jail,2009,1019,1,5,1023,184,1,72,70,29,667
Monroe County Jail,2008,1019,1,4,1022,180,1,66,70,24,681
Monroe County Jail,2007,1033,3,10,1040,168,0,63,100,23,687
Monroe County Jail,2006,1021,2,5,1025,162,0,53,115,24,670
Monroe County Jail,2005,978,1,7,984,141,0,37,97,28,681
Monroe County Jail,2004,990,3,5,992,157,0,51,89,22,672
Monroe County Jail,2003,881,0,1,881,225,0,55,72,18,509
Monroe County Jail,2002,816,0,0,816,166,0,40,93,18,499
Monroe County Jail,2001,897,0,3,900,159,1,34,107,16,584
Monroe County Jail,2000,858,0,1,858,168,1,40,111,26,511
Monroe County Jail,1999,916,2,0,914,184,1,38,122,81,488
Monroe County Jail,1998,976,5,1,972,141,2,39,144,61,585
Monroe County Jail,1997,909,3,3,909,151,2,35,119,33,570
Montgomery County Jail,2019,102,0,4,105,31,0,13,6,1,54
Montgomery County Jail,2018,100,1,0,99,31,1,2,5,3,58
Montgomery County Jail,2017,96,0,0,96,27,2,4,4,2,57
Montgomery County Jail,2016,90,0,0,90,28,1,3,6,3,50
Montgomery County Jail,2015,126,0,5,131,39,1,12,6,3,71
Montgomery County Jail,2014,127,0,5,132,24,1,27,5,3,71
Montgomery County Jail,2013,126,0,10,136,26,1,15,5,2,86
Montgomery County Jail,2012,131,0,8,139,32,2,21,5,2,77
Montgomery County Jail,2011,124,1,14,138,32,3,9,3,3,87
Montgomery County Jail,2010,115,0,6,121,33,2,7,5,2,72
Montgomery County Jail,2009,103,0,4,107,27,2,8,4,2,65
Montgomery County Jail,2008,101,0,7,108,24,3,12,5,3,61
Montgomery County Jail,2007,120,0,6,127,20,3,26,5,2,71
Montgomery County Jail,2006,113,0,6,120,17,1,34,5,2,62
Montgomery County Jail,2005,108,0,9,117,15,1,27,4,1,69
Montgomery County Jail,2004,123,1,7,129,15,2,29,5,0,79
Montgomery County Jail,2003,123,1,9,131,13,6,26,7,0,78
Montgomery County Jail,2002,114,1,16,129,18,3,25,9,4,70
Montgomery County Jail,2001,110,0,13,123,14,3,31,5,2,68
Montgomery County Jail,2000,125,0,12,137,28,3,27,6,3,69
Montgomery County Jail,1999,138,0,15,153,26,2,32,11,6,76
Montgomery County Jail,1998,125,0,11,136,33,1,26,7,6,62
Montgomery County Jail,1997,106,0,9,116,30,2,13,8,6,57
Nassau County CF,2019,1025,8,4,1021,227,1,25,34,8,724
Nassau County CF,2018,1094,7,6,1093,210,1,25,33,9,816
Nassau County CF,2017,1188,10,8,1186,222,0,29,34,14,887
Nassau County CF,2016,1155,6,8,1157,189,1,31,43,10,883
Nassau County CF,2015,1148,7,11,1151,179,1,37,43,12,880
Nassau County CF,2014,1218,9,9,1218,189,1,40,43,12,933
Nassau County CF,2013,1294,7,10,1296,178,1,61,41,12,1004
Nassau County CF,2012,1417,12,86,1491,208,1,101,24,10,1146
Nassau County CF,2011,1467,11,88,1545,241,1,123,17,13,1150
Nassau County CF,2010,1607,6,8,1609,237,1,128,21,10,1213
Nassau County CF,2009,1545,5,7,1547,254,1,127,17,9,1139
Nassau County CF,2008,1571,6,11,1576,268,2,136,18,12,1140
Nassau County CF,2007,1675,4,19,1689,293,2,159,35,17,1184
Nassau County CF,2006,1595,3,13,1606,291,2,152,48,15,1097
Nassau County CF,2005,1550,4,8,1553,297,3,212,46,16,979
Nassau County CF,2004,1617,9,8,1616,251,3,243,44,12,1065
Nassau County CF,2003,1661,22,9,1648,271,2,210,50,13,1102
Nassau County CF,2002,1676,0,11,1687,277,2,229,50,15,1114
Nassau County CF,2001,1533,0,11,1543,288,2,148,45,14,1046
Nassau County CF,2000,1419,0,7,1425,314,2,49,68,58,934
Nassau County CF,1999,1627,0,3,1630,377,3,0,94,193,964
Nassau County CF,1998,1838,0,3,1841,416,4,1,108,209,1103
Nassau County CF,1997,1771,0,2,1773,389,2,2,100,106,1174
Niagara County Jail,2019,346,0,3,349,72,0,105,14,5,152
Niagara County Jail,2018,380,0,3,382,81,0,104,16,4,176
Niagara County Jail,2017,428,0,1,428,98,0,112,13,4,202
Niagara County Jail,2016,416,0,1,417,82,0,115,14,4,202
Niagara County Jail,2015,415,0,1,416,96,0,113,15,8,184
Niagara County Jail,2014,437,0,1,438,110,0,107,11,11,199
Niagara County Jail,2013,460,0,1,460,106,0,107,14,12,221
Niagara County Jail,2012,451,0,0,451,106,0,107,14,11,213
Niagara County Jail,2011,437,0,1,438,114,1,87,21,16,199
Niagara County Jail,2010,468,0,1,469,136,0,82,15,13,223
Niagara County Jail,2009,469,0,2,470,135,0,90,22,16,207
Niagara County Jail,2008,454,1,1,454,123,0,93,28,19,190
Niagara County Jail,2007,453,0,1,454,169,0,74,29,8,174
Niagara County Jail,2006,460,0,0,460,156,0,76,28,6,195
Niagara County Jail,2005,477,0,0,477,138,0,86,27,7,218
Niagara County Jail,2004,438,0,0,438,113,0,94,19,8,204
Niagara County Jail,2003,370,0,0,370,123,0,65,21,14,147
Niagara County Jail,2002,417,0,0,417,55,0,46,28,15,272
Niagara County Jail,2001,329,0,0,329,68,0,41,19,2,199
Niagara County Jail,2000,375,0,0,375,60,0,35,26,8,247
Niagara County Jail,1999,389,0,0,389,103,0,15,26,41,203
Niagara County Jail,1998,385,0,0,384,74,0,0,26,40,245
Niagara County Jail,1997,380,0,0,380,101,0,0,28,40,211
Oneida County Jail,2019,346,0,17,363,117,0,24,35,3,184
Oneida County Jail,2018,395,0,24,419,121,0,19,40,5,235
Oneida County Jail,2017,491,0,21,512,136,0,25,35,7,308
Oneida County Jail,2016,454,1,29,483,141,0,26,39,6,271
Oneida County Jail,2015,419,1,38,457,151,0,27,30,7,242
Oneida County Jail,2014,432,0,51,483,157,0,35,26,8,257
Oneida County Jail,2013,434,0,41,476,155,0,48,28,7,238
Oneida County Jail,2012,424,0,47,471,148,0,37,25,8,253
Oneida County Jail,2011,406,0,28,435,172,0,28,14,7,213
Oneida County Jail,2010,412,0,26,437,159,0,33,8,5,231
Oneida County Jail,2009,436,0,25,461,170,0,25,10,8,246
Oneida County Jail,2008,404,2,37,440,138,0,25,11,5,261
Oneida County Jail,2007,417,2,41,456,148,0,23,20,6,259
Oneida County Jail,2006,407,2,36,441,134,0,38,30,6,233
Oneida County Jail,2005,420,2,27,444,140,0,30,30,9,235
Oneida County Jail,2004,422,1,38,459,162,0,27,30,7,234
Oneida County Jail,2003,376,0,47,422,142,0,27,33,6,213
Oneida County Jail,2002,393,1,19,411,157,0,21,26,11,196
Oneida County Jail,2001,0,0,0,0,0,0,0,0,0,0
Oneida County Jail,2000,348,0,5,353,74,0,28,33,28,190
Oneida County Jail,1999,448,0,34,482,100,0,32,56,64,230
Oneida County Jail,1998,380,32,8,356,79,0,13,40,42,181
Oneida County Jail,1997,344,34,0,310,83,0,2,28,31,166
Onondaga County CF,2019,297,0,1,297,187,4,5,62,0,40
Onondaga County CF,2018,377,2,10,385,242,3,17,78,0,44
Onondaga County CF,2017,445,10,49,485,327,4,22,64,0,68
Onondaga County CF,2016,424,8,87,502,317,4,12,65,0,104
Onondaga County CF,2015,415,6,71,480,322,7,9,55,0,87
Onondaga County CF,2014,450,11,75,514,369,8,6,39,0,92
Onondaga County CF,2013,476,27,59,508,358,5,29,41,0,74
Onondaga County CF,2012,504,13,6,497,350,6,75,46,0,20
Onondaga County CF,2011,487,23,1,465,322,6,84,43,0,11
Onondaga County CF,2010,496,27,1,469,321,7,77,54,0,11
Onondaga County CF,2009,421,19,0,402,289,6,57,47,0,4
Onondaga County CF,2008,472,18,1,455,330,7,58,57,0,3
Onondaga County CF,2007,476,29,1,449,340,4,59,67,0,0
Onondaga County CF,2006,447,24,20,444,354,4,66,65,0,0
Onondaga County CF,2005,373,21,60,412,313,7,32,0,0,60
Onondaga County CF,2004,392,22,45,414,328,6,35,0,0,45
Onondaga County CF,2003,374,14,7,367,327,7,26,0,0,7
Onondaga County CF,2002,352,20,27,360,319,11,17,0,1,12
Onondaga County CF,2001,317,27,2,292,279,11,2,0,0,0
Onondaga County CF,2000,310,24,1,288,277,9,0,1,0,0
Onondaga County CF,1999,355,36,1,320,314,6,0,0,0,0
Onondaga County CF,1998,392,27,1,366,358,7,0,0,0,0
Onondaga County CF,1997,384,32,2,355,350,4,0,0,0,1
Onondaga County Jail,2019,487,0,1,488,21,2,2,15,11,437
Onondaga County Jail,2018,561,9,2,554,23,1,2,9,15,504
Onondaga County Jail,2017,615,50,12,576,14,1,2,5,16,539
Onondaga County Jail,2016,649,87,10,572,11,2,1,3,14,540
Onondaga County Jail,2015,645,72,7,581,20,3,1,2,15,540
Onondaga County Jail,2014,661,75,13,599,27,2,1,2,15,552
Onondaga County Jail,2013,642,60,32,614,25,4,3,3,13,566
Onondaga County Jail,2012,608,6,21,622,24,3,2,2,12,579
Onondaga County Jail,2011,607,1,35,642,28,2,5,3,14,589
Onondaga County Jail,2010,582,1,41,621,28,3,5,2,13,571
Onondaga County Jail,2009,553,1,28,580,19,3,3,2,11,543
Onondaga County Jail,2008,561,0,28,589,20,4,11,2,12,540
Onondaga County Jail,2007,520,1,33,551,16,2,19,3,9,503
Onondaga County Jail,2006,602,20,25,607,25,1,28,20,11,522
Onondaga County Jail,2005,665,60,23,627,27,2,42,64,12,480
Onondaga County Jail,2004,605,25,14,594,26,2,50,57,11,449
Onondaga County Jail,2003,530,1,0,529,18,1,52,54,7,397
Onondaga County Jail,2002,526,1,0,526,14,1,61,67,7,375
Onondaga County Jail,2001,473,2,0,472,14,2,75,56,6,320
Onondaga County Jail,2000,470,1,0,469,18,1,68,58,8,315
Onondaga County Jail,1999,481,0,0,481,22,2,71,68,11,307
Onondaga County Jail,1998,502,1,0,502,15,1,62,75,8,341
Onondaga County Jail,1997,476,1,0,475,21,1,63,64,11,314
Ontario County Jail,2019,139,2,0,137,33,0,0,17,2,86
Ontario County Jail,2018,162,6,0,156,41,0,0,19,2,94
Ontario County Jail,2017,179,4,1,176,57,1,0,19,3,95
Ontario County Jail,2016,219,5,0,214,76,2,0,13,4,119
Ontario County Jail,2015,212,2,0,210,73,1,0,14,5,117
Ontario County Jail,2014,211,2,1,210,76,3,2,11,5,113
Ontario County Jail,2013,217,2,0,216,79,3,0,11,4,118
Ontario County Jail,2012,198,0,0,198,78,1,2,8,4,105
Ontario County Jail,2011,196,0,0,196,83,0,2,10,6,96
Ontario County Jail,2010,198,1,1,197,83,0,3,7,5,100
Ontario County Jail,2009,211,0,2,213,84,0,2,10,6,112
Ontario County Jail,2008,199,0,1,200,77,0,10,10,4,98
Ontario County Jail,2007,215,0,3,218,86,0,8,9,4,111
Ontario County Jail,2006,220,0,4,223,84,0,11,10,5,114
Ontario County Jail,2005,202,0,14,215,89,0,13,9,4,101
Ontario County Jail,2004,164,0,15,179,83,0,0,6,4,86
Ontario County Jail,2003,163,1,0,162,76,0,0,6,5,76
Ontario County Jail,2002,173,4,0,169,82,0,0,9,7,71
Ontario County Jail,2001,164,12,0,152,73,0,0,9,3,67
Ontario County Jail,2000,169,7,0,162,83,0,0,6,9,64
Ontario County Jail,1999,192,16,0,176,96,0,0,9,30,42
Ontario County Jail,1998,182,16,0,167,82,2,0,9,15,60
Ontario County Jail,1997,181,20,0,161,69,2,0,6,11,73
Orange County Jail,2019,618,1,2,619,100,4,197,37,10,272
Orange County Jail,2018,695,1,1,695,122,7,180,36,12,339
Orange County Jail,2017,681,2,3,683,144,6,172,38,12,310
Orange County Jail,2016,663,1,7,669,161,8,172,34,11,282
Orange County Jail,2015,552,0,8,559,122,5,143,28,3,257
Orange County Jail,2014,599,2,8,606,128,10,116,30,7,316
Orange County Jail,2013,582,2,11,590,128,9,122,39,9,283
Orange County Jail,2012,590,3,7,594,121,5,138,38,8,284
Orange County Jail,2011,574,1,5,578,129,7,122,34,9,276
Orange County Jail,2010,606,4,7,609,144,7,116,38,8,297
Orange County Jail,2009,565,2,5,568,119,15,117,36,8,273
Orange County Jail,2008,520,1,16,535,121,17,39,42,10,306
Orange County Jail,2007,520,1,46,565,140,12,1,58,9,346
Orange County Jail,2006,537,0,53,590,149,13,1,76,13,339
Orange County Jail,2005,499,1,101,598,179,13,2,55,14,335
Orange County Jail,2004,486,4,103,585,203,11,0,50,11,310
Orange County Jail,2003,445,1,26,471,138,10,0,51,12,260
Orange County Jail,2002,488,0,10,498,166,11,0,54,22,245
Orange County Jail,2001,444,0,2,445,142,5,0,48,8,243
Orange County Jail,2000,475,0,1,476,178,6,0,55,34,204
Orange County Jail,1999,575,0,1,576,257,6,0,72,82,159
Orange County Jail,1998,590,0,3,593,257,8,0,79,71,178
Orange County Jail,1997,537,3,2,535,211,9,0,63,49,203
Orleans County Jail,2019,58,1,1,57,23,0,0,6,1,27
Orleans County Jail,2018,60,0,1,61,17,0,0,10,1,32
Orleans County Jail,2017,68,2,1,67,21,0,0,7,1,38
Orleans County Jail,2016,63,1,1,63,18,0,0,10,1,35
Orleans County Jail,2015,64,1,3,66,21,0,0,6,1,38
Orleans County Jail,2014,61,0,2,63,20,0,0,3,1,38
Orleans County Jail,2013,62,1,5,65,21,0,0,4,1,39
Orleans County Jail,2012,75,2,5,78,27,0,0,4,1,45
Orleans County Jail,2011,76,1,3,78,28,0,0,5,0,44
Orleans County Jail,2010,73,0,3,76,27,0,0,5,0,43
Orleans County Jail,2009,75,1,1,75,28,0,0,4,0,42
Orleans County Jail,2008,72,4,5,73,19,0,0,4,0,49
Orleans County Jail,2007,66,1,9,74,17,0,0,2,0,54
Orleans County Jail,2006,68,1,10,77,15,0,0,5,2,55
Orleans County Jail,2005,60,1,8,67,14,0,0,5,1,48
Orleans County Jail,2004,65,1,8,71,21,0,0,4,2,45
Orleans County Jail,2003,66,1,8,73,24,0,0,2,2,45
Orleans County Jail,2002,72,1,9,80,30,0,0,4,5,41
Orleans County Jail,2001,62,1,8,69,24,0,0,5,1,39
Orleans County Jail,2000,58,0,8,66,30,0,0,2,5,29
Orleans County Jail,1999,73,0,7,80,39,0,0,1,7,33
Orleans County Jail,1998,72,2,5,75,29,0,0,1,5,40
Orleans County Jail,1997,70,1,7,76,29,0,0,1,7,39
Oswego County Jail,2019,135,9,0,126,41,1,0,19,2,64
Oswego County Jail,2018,169,23,0,145,36,1,0,20,4,85
Oswego County Jail,2017,152,16,0,136,38,0,0,15,4,79
Oswego County Jail,2016,168,20,0,148,40,1,0,17,4,86
Oswego County Jail,2015,171,21,0,150,33,2,0,13,3,98
Oswego County Jail,2014,156,15,0,141,47,3,0,13,4,75
Oswego County Jail,2013,165,12,0,153,53,3,0,9,4,84
Oswego County Jail,2012,187,30,0,158,50,3,0,10,4,91
Oswego County Jail,2011,166,10,0,157,58,2,0,7,4,85
Oswego County Jail,2010,137,2,0,135,60,1,0,6,4,64
Oswego County Jail,2009,118,4,1,115,45,0,0,6,4,60
Oswego County Jail,2008,120,1,0,120,48,0,0,8,2,62
Oswego County Jail,2007,132,0,1,133,49,0,0,11,2,71
Oswego County Jail,2006,134,0,1,135,52,0,0,13,3,67
Oswego County Jail,2005,133,0,1,134,52,0,0,10,2,71
Oswego County Jail,2004,132,0,0,132,45,0,0,10,3,73
Oswego County Jail,2003,117,0,1,118,37,0,0,6,2,72
Oswego County Jail,2002,116,0,0,116,32,0,0,5,4,75
Oswego County Jail,2001,117,0,0,117,33,0,0,5,4,75
Oswego County Jail,2000,125,0,0,126,44,0,0,7,7,67
Oswego County Jail,1999,120,0,0,120,43,0,0,3,10,64
Oswego County Jail,1998,114,0,1,116,50,0,0,7,8,51
Oswego County Jail,1997,108,0,0,108,43,0,0,7,6,54
Otsego County Jail,2019,54,15,0,39,9,0,0,4,0,26
Otsego County Jail,2018,65,2,0,63,17,0,0,5,1,40
Otsego County Jail,2017,57,3,0,54,14,0,0,4,0,36
Otsego County Jail,2016,70,0,3,73,19,0,0,4,0,50
Otsego County Jail,2015,54,0,8,62,18,0,0,5,1,38
Otsego County Jail,2014,68,0,7,75,23,0,0,5,0,47
Otsego County Jail,2013,71,0,6,76,27,0,0,4,1,45
Otsego County Jail,2012,77,0,1,79,25,0,0,3,1,50
Otsego County Jail,2011,70,1,0,68,23,0,0,2,1,42
Otsego County Jail,2010,69,1,0,68,26,0,0,2,1,39
Otsego County Jail,2009,71,1,0,70,27,0,0,2,1,40
Otsego County Jail,2008,61,0,0,61,23,0,0,1,1,37
Otsego County Jail,2007,63,0,0,63,25,0,0,1,1,36
Otsego County Jail,2006,69,1,0,68,21,0,0,1,1,45
Otsego County Jail,2005,61,0,3,64,18,0,0,1,1,43
Otsego County Jail,2004,64,0,2,67,23,0,0,1,1,41
Otsego County Jail,2003,60,0,8,69,21,0,0,2,2,44
Otsego County Jail,2002,53,0,14,67,19,0,0,2,1,44
Otsego County Jail,2001,51,0,7,58,15,0,0,3,1,39
Otsego County Jail,2000,47,0,13,60,15,0,0,2,0,43
Otsego County Jail,1999,49,0,15,64,19,0,0,4,4,36
Otsego County Jail,1998,50,0,13,63,29,0,0,2,3,29
Otsego County Jail,1997,42,0,17,59,32,0,0,2,2,23
Putnam County Jail,2019,62,0,3,65,9,0,16,2,1,37
Putnam County Jail,2018,75,0,3,77,11,0,16,2,1,47
Putnam County Jail,2017,84,0,2,86,14,0,19,2,1,50
Putnam County Jail,2016,83,0,3,85,13,0,14,2,1,55
Putnam County Jail,2015,87,1,2,88,10,0,12,2,1,62
Putnam County Jail,2014,104,3,0,101,14,2,6,2,1,77
Putnam County Jail,2013,109,3,6,111,17,1,3,2,1,87
Putnam County Jail,2012,101,6,12,107,15,1,2,2,1,87
Putnam County Jail,2011,114,2,4,116,15,2,8,2,1,87
Putnam County Jail,2010,102,3,4,103,17,1,4,1,1,77
Putnam County Jail,2009,108,2,1,107,18,2,11,1,1,74
Putnam County Jail,2008,107,2,2,106,19,2,17,1,0,67
Putnam County Jail,2007,91,0,8,99,16,2,23,1,1,56
Putnam County Jail,2006,95,0,16,111,21,1,20,2,1,65
Putnam County Jail,2005,78,0,30,108,27,1,18,1,1,60
Putnam County Jail,2004,68,0,37,104,27,0,20,1,1,55
Putnam County Jail,2003,79,0,25,104,20,0,28,1,1,53
Putnam County Jail,2002,71,0,37,107,26,0,21,2,1,57
Putnam County Jail,2001,52,0,22,74,25,2,9,1,0,36
Putnam County Jail,2000,53,0,23,76,35,1,7,1,2,30
Putnam County Jail,1999,64,0,32,96,46,1,9,2,6,33
Putnam County Jail,1998,67,0,37,103,54,1,9,3,4,32
Putnam County Jail,1997,54,0,22,76,34,1,8,1,1,30
Rensselaer County Jail,2019,303,1,1,303,54,2,121,28,3,95
Rensselaer County Jail,2018,321,1,0,320,58,2,123,29,3,105
Rensselaer County Jail,2017,298,0,2,300,56,4,109,21,3,108
Rensselaer County Jail,2016,309,2,2,309,93,4,98,22,4,89
Rensselaer County Jail,2015,314,1,13,326,94,3,85,16,4,123
Rensselaer County Jail,2014,317,0,34,351,91,3,80,19,5,152
Rensselaer County Jail,2013,299,1,76,373,79,4,79,16,5,191
Rensselaer County Jail,2012,309,1,116,425,90,9,80,26,5,215
Rensselaer County Jail,2011,265,0,112,377,87,7,61,18,4,200
Rensselaer County Jail,2010,217,1,12,229,89,6,13,17,3,100
Rensselaer County Jail,2009,214,2,0,212,81,10,3,18,3,98
Rensselaer County Jail,2008,236,10,0,226,98,6,1,21,3,97
Rensselaer County Jail,2007,282,36,0,246,86,8,2,26,4,120
Rensselaer County Jail,2006,295,53,1,243,97,6,2,23,4,111
Rensselaer County Jail,2005,317,74,2,245,83,6,1,24,5,127
Rensselaer County Jail,2004,308,64,1,245,73,5,0,31,5,130
Rensselaer County Jail,2003,305,57,2,250,74,8,0,35,4,128
Rensselaer County Jail,2002,276,27,2,250,85,5,0,31,6,123
Rensselaer County Jail,2001,254,12,2,245,81,7,4,26,6,121
Rensselaer County Jail,2000,278,31,1,247,67,3,2,27,18,131
Rensselaer County Jail,1999,292,46,1,246,46,3,2,44,28,124
Rensselaer County Jail,1998,260,13,3,250,52,4,7,39,13,135
Rensselaer County Jail,1997,277,25,2,253,47,2,5,34,9,156
Rockland County Jail,2019,134,0,0,134,26,0,0,10,2,96
Rockland County Jail,2018,150,0,1,151,31,0,0,14,2,104
Rockland County Jail,2017,177,0,1,178,39,0,0,13,2,124
Rockland County Jail,2016,169,0,3,172,37,0,0,10,2,124
Rockland County Jail,2015,171,1,2,172,30,0,0,9,2,131
Rockland County Jail,2014,183,1,0,182,47,0,0,8,2,125
Rockland County Jail,2013,227,0,0,227,46,0,0,13,3,164
Rockland County Jail,2012,240,2,0,238,46,0,1,9,3,178
Rockland County Jail,2011,247,2,0,245,48,0,1,9,2,184
Rockland County Jail,2010,212,0,1,213,52,0,2,10,2,147
Rockland County Jail,2009,218,1,2,219,51,0,2,13,2,152
Rockland County Jail,2008,240,3,4,241,58,0,1,15,2,165
Rockland County Jail,2007,248,4,2,246,63,0,0,16,3,164
Rockland County Jail,2006,259,8,4,255,63,0,0,17,5,170
Rockland County Jail,2005,254,2,3,255,66,0,0,10,4,173
Rockland County Jail,2004,231,4,2,229,67,0,0,12,4,147
Rockland County Jail,2003,238,4,1,236,66,0,0,9,6,154
Rockland County Jail,2002,243,4,1,240,72,0,0,12,6,149
Rockland County Jail,2001,202,2,0,201,76,0,0,11,3,111
Rockland County Jail,2000,225,26,0,199,71,0,0,13,10,105
Rockland County Jail,1999,252,40,0,212,76,0,0,21,36,79
Rockland County Jail,1998,252,28,1,224,65,0,0,12,14,133
Rockland County Jail,1997,220,18,0,202,77,0,0,11,13,102
Saratoga County Jail,2019,181,0,0,181,67,2,0,19,2,91
Saratoga County Jail,2018,188,0,0,188,72,0,0,19,2,96
Saratoga County Jail,2017,184,0,0,184,70,0,0,16,2,96
Saratoga County Jail,2016,184,0,0,184,67,1,0,15,2,98
Saratoga County Jail,2015,194,0,0,194,69,3,0,6,2,114
Saratoga County Jail,2014,194,0,0,194,71,3,0,9,2,109
Saratoga County Jail,2013,187,0,0,187,80,4,0,8,2,93
Saratoga County Jail,2012,156,0,0,156,57,3,0,8,2,86
Saratoga County Jail,2011,150,0,0,150,50,3,0,7,2,88
Saratoga County Jail,2010,164,0,0,164,47,2,0,5,1,108
Saratoga County Jail,2009,165,0,0,165,56,3,0,10,1,95
Saratoga County Jail,2008,156,0,0,156,53,4,0,6,1,92
Saratoga County Jail,2007,150,0,0,150,50,8,0,10,2,82
Saratoga County Jail,2006,155,0,0,155,56,10,0,9,2,78
Saratoga County Jail,2005,150,0,0,150,52,8,0,7,2,81
Saratoga County Jail,2004,161,0,2,163,62,8,0,8,2,84
Saratoga County Jail,2003,174,0,4,177,70,8,0,9,4,86
Saratoga County Jail,2002,171,0,5,175,77,9,0,10,3,77
Saratoga County Jail,2001,151,0,4,155,63,6,0,11,2,73
Saratoga County Jail,2000,151,0,8,159,80,5,0,11,5,58
Saratoga County Jail,1999,138,1,19,156,85,3,0,9,7,52
Saratoga County Jail,1998,158,0,18,175,89,6,0,11,6,64
Saratoga County Jail,1997,135,0,37,172,97,5,0,8,3,59
Schenectady County Jail,2019,228,2,0,227,52,1,0,28,5,140
Schenectady County Jail,2018,275,2,0,273,69,1,0,24,6,173
Schenectady County Jail,2017,292,3,0,289,66,1,0,22,8,193
Schenectady County Jail,2016,338,7,0,332,67,0,0,21,8,235
Schenectady County Jail,2015,329,3,0,325,75,1,0,23,5,221
Schenectady County Jail,2014,322,3,0,320,78,3,2,22,5,210
Schenectady County Jail,2013,326,4,0,322,71,2,9,28,6,207
Schenectady County Jail,2012,314,3,0,311,54,3,2,32,4,216
Schenectady County Jail,2011,319,2,0,317,52,3,3,27,6,226
Schenectady County Jail,2010,286,2,0,284,48,5,0,23,5,202
Schenectady County Jail,2009,285,1,0,284,50,3,5,26,5,196
Schenectady County Jail,2008,310,2,0,308,55,4,5,24,5,215
Schenectady County Jail,2007,320,4,0,316,63,4,2,25,6,217
Schenectady County Jail,2006,366,13,0,354,62,2,1,28,8,252
Schenectady County Jail,2005,346,7,0,339,66,2,7,28,8,228
Schenectady County Jail,2004,327,2,0,325,55,2,5,21,12,230
Schenectady County Jail,2003,340,1,3,343,58,2,10,21,14,238
Schenectady County Jail,2002,314,1,19,333,63,1,14,25,19,210
Schenectady County Jail,2001,314,1,6,319,74,1,16,21,13,193
Schenectady County Jail,2000,312,2,9,320,79,1,22,27,18,173
Schenectady County Jail,1999,334,23,5,316,67,3,12,34,41,159
Schenectady County Jail,1998,364,35,4,333,67,1,14,38,39,174
Schenectady County Jail,1997,319,8,2,313,69,1,18,38,36,151
Schoharie County Jail,2019,18,18,0,0,0,0,0,0,0,0
Schoharie County Jail,2018,19,19,0,0,0,0,0,0,0,0
Schoharie County Jail,2017,29,29,0,0,0,0,0,0,0,0
Schoharie County Jail,2016,34,34,0,0,0,0,0,0,0,0
Schoharie County Jail,2015,30,29,0,0,0,0,0,0,0,0
Schoharie County Jail,2014,29,29,0,0,0,0,0,0,0,0
Schoharie County Jail,2013,31,31,0,0,0,0,0,0,0,0
Schoharie County Jail,2012,26,26,0,0,0,0,0,0,0,0
Schoharie County Jail,2011,28,8,7,27,9,1,3,0,1,13
Schoharie County Jail,2010,32,5,23,50,14,2,8,1,1,23
Schoharie County Jail,2009,34,3,8,39,9,0,10,2,0,17
Schoharie County Jail,2008,36,2,10,43,11,1,14,2,0,15
Schoharie County Jail,2007,33,2,17,47,14,1,13,1,1,17
Schoharie County Jail,2006,32,2,18,48,20,1,1,2,2,23
Schoharie County Jail,2005,34,2,12,44,13,2,4,2,1,22
Schoharie County Jail,2004,47,2,14,59,12,1,21,2,1,22
Schoharie County Jail,2003,49,2,21,67,20,3,16,0,0,28
Schoharie County Jail,2002,50,1,6,55,13,1,13,2,1,26
Schoharie County Jail,2001,51,2,9,57,12,2,24,3,0,16
Schoharie County Jail,2000,32,3,27,56,23,3,8,2,1,19
Schoharie County Jail,1999,27,3,47,71,42,1,0,1,1,26
Schoharie County Jail,1998,30,4,47,72,42,1,0,1,1,27
Schoharie County Jail,1997,29,2,28,55,24,1,0,2,1,27
Schuyler County Jail,2019,15,2,0,13,5,0,0,2,0,6
Schuyler County Jail,2018,17,4,0,14,5,0,0,1,0,7
Schuyler County Jail,2017,21,5,0,17,4,0,0,2,0,11
Schuyler County Jail,2016,28,5,0,24,8,0,0,1,0,14
Schuyler County Jail,2015,15,2,0,13,6,0,0,1,0,6
Schuyler County Jail,2014,18,2,0,16,7,0,0,2,0,7
Schuyler County Jail,2013,25,3,0,22,11,0,0,1,0,9
Schuyler County Jail,2012,22,5,1,18,8,0,0,1,0,9
Schuyler County Jail,2011,21,2,0,19,10,0,0,1,0,8
Schuyler County Jail,2010,21,2,0,19,8,0,0,1,0,11
Schuyler County Jail,2009,18,2,1,16,8,0,0,1,0,6
Schuyler County Jail,2008,17,0,0,17,9,0,0,1,0,7
Schuyler County Jail,2007,22,2,0,21,11,0,0,2,0,8
Schuyler County Jail,2006,24,1,0,23,12,0,0,4,0,8
Schuyler County Jail,2005,19,2,5,22,10,0,0,3,0,9
Schuyler County Jail,2004,22,2,2,22,12,0,0,1,0,10
Schuyler County Jail,2003,16,1,2,18,7,0,0,1,0,10
Schuyler County Jail,2002,15,2,1,14,5,0,0,1,1,7
Schuyler County Jail,2001,16,0,1,16,9,0,0,1,0,6
Schuyler County Jail,2000,17,0,3,20,11,0,0,2,0,6
Schuyler County Jail,1999,19,1,4,21,14,0,0,0,2,5
Schuyler County Jail,1998,13,0,8,20,13,0,0,0,1,6
Schuyler County Jail,1997,13,0,11,23,16,0,0,0,1,6
Seneca County Jail,2019,60,1,1,60,21,0,15,4,0,19
Seneca County Jail,2018,76,2,2,76,28,1,12,4,1,30
Seneca County Jail,2017,79,0,0,79,24,2,15,5,1,32
Seneca County Jail,2016,74,0,0,74,23,1,16,3,1,30
Seneca County Jail,2015,68,0,0,69,22,1,14,2,1,29
Seneca County Jail,2014,81,0,0,81,27,1,13,3,1,36
Seneca County Jail,2013,82,1,2,83,22,2,15,2,1,41
Seneca County Jail,2012,77,1,3,79,22,1,13,3,1,40
Seneca County Jail,2011,77,0,1,78,23,1,22,2,1,30
Seneca County Jail,2010,82,0,1,83,28,2,19,2,0,31
Seneca County Jail,2009,70,0,2,72,22,1,10,2,0,37
Seneca County Jail,2008,53,0,0,53,18,0,0,2,0,33
Seneca County Jail,2007,55,5,0,50,21,0,0,3,0,26
Seneca County Jail,2006,54,12,0,42,15,0,0,3,0,24
Seneca County Jail,2005,46,6,0,40,19,0,0,2,1,18
Seneca County Jail,2004,42,8,0,35,14,0,0,3,0,17
Seneca County Jail,2003,46,8,1,39,13,0,0,2,1,23
Seneca County Jail,2002,45,9,1,37,16,0,0,2,2,18
Seneca County Jail,2001,45,8,0,38,17,0,0,3,1,17
Seneca County Jail,2000,61,17,0,43,22,0,0,3,2,17
Seneca County Jail,1999,58,0,0,58,36,0,0,2,2,18
Seneca County Jail,1998,43,0,2,45,25,0,0,1,2,16
Seneca County Jail,1997,44,0,1,45,24,0,0,3,1,17
Steuben County Jail,2019,164,0,0,164,44,0,18,10,3,89
Steuben County Jail,2018,189,1,2,191,50,1,27,8,3,103
Steuben County Jail,2017,208,1,2,209,46,1,32,11,3,117
Steuben County Jail,2016,198,1,1,198,40,1,48,8,2,98
Steuben County Jail,2015,203,1,2,203,40,0,46,9,2,106
Steuben County Jail,2014,178,0,2,180,35,1,36,7,3,98
Steuben County Jail,2013,192,1,1,191,36,0,28,10,3,114
Steuben County Jail,2012,190,1,1,190,39,1,40,9,3,99
Steuben County Jail,2011,176,1,2,178,38,1,48,7,2,82
Steuben County Jail,2010,167,0,2,169,41,0,45,7,1,73
Steuben County Jail,2009,178,1,3,180,42,1,45,9,2,82
Steuben County Jail,2008,183,1,0,183,41,1,44,10,1,86
Steuben County Jail,2007,141,1,1,141,37,0,7,17,2,79
Steuben County Jail,2006,149,1,0,149,34,0,7,17,3,88
Steuben County Jail,2005,182,20,0,162,34,0,5,18,2,103
Steuben County Jail,2004,164,10,0,155,33,1,7,13,2,99
Steuben County Jail,2003,145,1,1,145,30,1,8,11,3,92
Steuben County Jail,2002,130,0,6,136,35,0,8,9,4,80
Steuben County Jail,2001,118,0,5,123,36,0,13,7,2,65
Steuben County Jail,2000,106,0,6,111,31,1,3,8,7,62
Steuben County Jail,1999,127,0,0,128,37,0,0,7,19,64
Steuben County Jail,1998,123,0,8,130,36,1,2,8,12,71
Steuben County Jail,1997,118,0,2,119,41,1,0,6,8,63
St. Lawrence County Jail,2019,119,0,2,121,27,1,0,7,2,84
St. Lawrence County Jail,2018,139,2,0,138,38,1,0,8,2,89
St. Lawrence County Jail,2017,182,22,1,160,57,1,0,9,1,91
St. Lawrence County Jail,2016,143,3,2,141,54,1,0,7,2,77
St. Lawrence County Jail,2015,155,2,2,155,47,1,0,6,2,99
St. Lawrence County Jail,2014,152,2,4,154,51,0,0,6,3,94
St. Lawrence County Jail,2013,163,6,2,159,44,0,0,7,2,106
St. Lawrence County Jail,2012,156,2,3,156,46,0,0,6,2,102
St. Lawrence County Jail,2011,135,0,4,139,34,0,0,5,2,98
St. Lawrence County Jail,2010,125,0,8,133,38,0,0,6,2,87
St. Lawrence County Jail,2009,113,12,0,102,32,0,0,11,1,58
St. Lawrence County Jail,2008,101,25,0,76,21,0,0,5,1,48
St. Lawrence County Jail,2007,106,27,0,79,21,0,0,5,2,51
St. Lawrence County Jail,2006,114,34,0,80,17,0,0,8,1,55
St. Lawrence County Jail,2005,94,15,0,79,24,0,0,6,1,47
St. Lawrence County Jail,2004,91,11,1,81,30,0,0,5,2,44
St. Lawrence County Jail,2003,96,14,0,82,30,0,0,4,3,46
St. Lawrence County Jail,2002,93,9,0,84,31,0,0,5,2,46
St. Lawrence County Jail,2001,90,2,0,88,39,0,0,4,1,44
St. Lawrence County Jail,2000,102,4,0,98,46,0,0,6,6,40
St. Lawrence County Jail,1999,100,5,0,95,40,0,0,7,6,43
St. Lawrence County Jail,1998,97,2,1,95,40,0,0,8,5,42
St. Lawrence County Jail,1997,84,0,0,84,44,0,0,2,2,36
Suffolk County CF - Riverhead,2019,498,4,12,507,117,3,7,28,12,340
Suffolk County CF - Riverhead,2018,592,8,17,601,126,7,8,39,13,408
Suffolk County CF - Riverhead,2017,620,8,14,626,158,4,4,25,13,421
Suffolk County CF - Riverhead,2016,589,9,7,588,157,5,2,33,21,369
Suffolk County CF - Riverhead,2015,680,11,6,675,176,12,2,29,16,441
Suffolk County CF - Riverhead,2014,731,10,7,728,210,21,2,27,11,459
Suffolk County CF - Riverhead,2013,881,21,7,868,237,8,1,35,16,570
Suffolk County CF - Riverhead,2012,1070,102,7,975,245,7,4,38,17,664
Suffolk County CF - Riverhead,2011,1153,157,9,1005,235,7,3,41,32,688
Suffolk County CF - Riverhead,2010,1098,77,8,1029,239,7,2,45,23,713
Suffolk County CF - Riverhead,2009,1046,36,7,1017,251,9,1,37,27,693
Suffolk County CF - Riverhead,2008,1059,46,8,1021,273,7,0,37,27,676
Suffolk County CF - Riverhead,2007,1114,159,7,962,228,6,2,56,32,637
Suffolk County CF - Riverhead,2006,1008,86,7,929,245,7,1,69,35,573
Suffolk County CF - Riverhead,2005,949,74,6,881,274,9,0,83,35,480
Suffolk County CF - Riverhead,2004,1025,134,5,896,261,9,1,85,24,516
Suffolk County CF - Riverhead,2003,923,27,9,905,308,7,2,79,25,483
Suffolk County CF - Riverhead,2002,938,0,0,938,345,10,0,101,27,455
Suffolk County CF - Riverhead,2001,860,0,0,860,339,11,0,100,18,391
Suffolk County CF - Riverhead,2000,936,0,0,936,350,9,0,112,42,423
Suffolk County CF - Riverhead,1999,1026,0,0,1026,337,9,0,141,110,428
Suffolk County CF - Riverhead,1998,1012,0,0,1012,342,7,0,146,117,400
Suffolk County CF - Riverhead,1997,899,0,0,899,293,6,0,151,96,353
Suffolk County CF - Yaphank,2019,586,0,2,587,160,7,0,28,7,385
Suffolk County CF - Yaphank,2018,698,0,3,701,193,6,0,34,9,458
Suffolk County CF - Yaphank,2017,676,0,1,677,187,7,0,38,9,437
Suffolk County CF - Yaphank,2016,649,0,1,649,172,5,0,48,3,421
Suffolk County CF - Yaphank,2015,671,0,1,672,180,7,0,40,4,441
Suffolk County CF - Yaphank,2014,681,0,1,682,173,8,0,37,11,454
Suffolk County CF - Yaphank,2013,662,0,0,662,192,8,0,37,6,419
Suffolk County CF - Yaphank,2012,592,0,0,592,188,6,0,37,0,360
Suffolk County CF - Yaphank,2011,597,0,0,597,184,4,0,38,0,371
Suffolk County CF - Yaphank,2010,606,0,0,606,185,4,0,39,0,378
Suffolk County CF - Yaphank,2009,590,0,0,590,209,5,0,36,0,340
Suffolk County CF - Yaphank,2008,608,0,0,608,217,5,0,28,0,357
Suffolk County CF - Yaphank,2007,616,0,0,616,177,6,0,4,0,429
Suffolk County CF - Yaphank,2006,593,0,0,593,202,11,0,0,0,379
Suffolk County CF - Yaphank,2005,506,0,0,506,195,10,0,0,0,301
Suffolk County CF - Yaphank,2004,476,0,0,476,177,6,0,0,0,293
Suffolk County CF - Yaphank,2003,547,0,0,547,250,6,0,0,0,291
Suffolk County CF - Yaphank,2002,544,0,0,544,263,6,0,0,0,276
Suffolk County CF - Yaphank,2001,494,0,0,494,242,5,0,0,0,246
Suffolk County CF - Yaphank,2000,500,0,0,500,237,5,0,0,0,258
Suffolk County CF - Yaphank,1999,592,0,0,592,276,4,0,2,2,308
Suffolk County CF - Yaphank,1998,601,0,0,601,292,5,0,1,1,302
Suffolk County CF - Yaphank,1997,561,0,0,561,292,3,0,0,0,267
Sullivan County Jail,2019,150,6,0,144,33,0,0,16,1,94
Sullivan County Jail,2018,140,5,0,136,28,0,0,20,1,86
Sullivan County Jail,2017,137,2,0,135,34,0,0,21,2,78
Sullivan County Jail,2016,138,1,0,137,32,0,0,21,2,82
Sullivan County Jail,2015,151,6,0,146,28,0,0,13,2,103
Sullivan County Jail,2014,163,6,0,157,31,0,0,12,3,111
Sullivan County Jail,2013,191,21,0,170,34,0,0,12,2,122
Sullivan County Jail,2012,156,1,0,154,36,0,0,10,3,106
Sullivan County Jail,2011,161,3,0,158,40,0,0,10,2,106
Sullivan County Jail,2010,171,9,0,162,37,0,0,10,2,114
Sullivan County Jail,2009,162,2,0,160,44,0,0,11,2,103
Sullivan County Jail,2008,192,14,0,178,42,0,0,12,2,121
Sullivan County Jail,2007,196,16,0,180,38,0,0,9,3,130
Sullivan County Jail,2006,202,17,0,185,48,0,0,14,4,119
Sullivan County Jail,2005,190,2,0,188,49,0,0,12,3,123
Sullivan County Jail,2004,188,0,0,188,58,0,0,9,2,119
Sullivan County Jail,2003,170,0,0,170,45,0,0,8,2,114
Sullivan County Jail,2002,163,0,0,163,50,0,0,9,4,99
Sullivan County Jail,2001,156,0,0,156,42,0,0,8,2,104
Sullivan County Jail,2000,158,0,0,158,41,0,0,12,10,95
Sullivan County Jail,1999,167,0,0,167,44,0,0,13,18,92
Sullivan County Jail,1998,150,0,0,150,47,0,0,6,10,87
Sullivan County Jail,1997,152,0,0,152,46,0,0,5,9,91
Tioga County Jail,2019,56,2,10,63,16,1,7,3,1,36
Tioga County Jail,2018,61,1,5,65,19,1,0,2,1,41
Tioga County Jail,2017,79,3,3,80,27,0,1,2,1,48
Tioga County Jail,2016,77,1,2,78,30,1,8,2,1,36
Tioga County Jail,2015,61,1,12,71,29,1,3,3,1,36
Tioga County Jail,2014,73,1,7,79,27,1,12,3,1,36
Tioga County Jail,2013,86,2,2,86,26,0,15,3,1,41
Tioga County Jail,2012,80,1,6,85,29,1,19,4,1,31
Tioga County Jail,2011,82,0,3,85,31,1,14,5,1,34
Tioga County Jail,2010,79,1,6,84,34,1,18,4,1,26
Tioga County Jail,2009,75,0,5,80,30,2,15,3,1,29
Tioga County Jail,2008,74,0,4,79,34,1,11,4,1,27
Tioga County Jail,2007,75,0,6,81,37,2,11,6,1,24
Tioga County Jail,2006,69,0,21,89,38,2,9,7,1,32
Tioga County Jail,2005,63,0,20,84,32,1,8,5,1,36
Tioga County Jail,2004,79,0,9,87,34,1,16,6,1,30
Tioga County Jail,2003,70,0,13,83,38,1,8,5,1,29
Tioga County Jail,2002,66,0,18,84,36,2,7,7,2,30
Tioga County Jail,2001,63,0,14,77,33,0,14,4,1,24
Tioga County Jail,2000,68,0,12,79,32,0,15,3,4,24
Tioga County Jail,1999,76,0,8,84,29,0,13,5,12,24
Tioga County Jail,1998,81,0,5,86,34,0,23,3,4,21
Tioga County Jail,1997,62,0,8,69,31,1,13,2,5,18
Tompkins County Jail,2019,61,1,2,62,24,0,0,6,1,30
Tompkins County Jail,2018,72,3,0,69,21,0,0,7,1,40
Tompkins County Jail,2017,76,2,0,74,22,0,0,6,1,45
Tompkins County Jail,2016,80,3,0,76,22,0,0,5,2,47
Tompkins County Jail,2015,92,10,0,82,25,0,0,4,2,51
Tompkins County Jail,2014,87,6,0,81,32,0,0,3,2,43
Tompkins County Jail,2013,91,8,0,83,30,0,0,4,2,46
Tompkins County Jail,2012,90,7,0,83,28,0,0,4,2,48
Tompkins County Jail,2011,86,4,0,82,33,0,0,3,2,44
Tompkins County Jail,2010,82,3,0,79,34,0,0,3,2,41
Tompkins County Jail,2009,80,7,0,73,28,0,0,2,1,41
Tompkins County Jail,2008,80,12,0,68,30,0,0,3,1,33
Tompkins County Jail,2007,77,9,0,68,27,0,0,5,2,35
Tompkins County Jail,2006,91,21,0,70,26,0,0,6,1,37
Tompkins County Jail,2005,72,8,0,63,24,0,0,6,2,32
Tompkins County Jail,2004,69,0,0,69,25,0,0,9,2,33
Tompkins County Jail,2003,77,0,0,76,28,0,0,8,3,37
Tompkins County Jail,2002,78,0,0,78,30,0,0,8,6,34
Tompkins County Jail,2001,84,0,0,84,37,0,0,6,2,39
Tompkins County Jail,2000,77,0,0,77,29,0,0,7,5,36
Tompkins County Jail,1999,76,0,0,75,33,0,0,7,4,31
Tompkins County Jail,1998,86,12,0,74,28,0,0,6,4,36
Tompkins County Jail,1997,89,23,0,67,24,0,0,3,3,37
Ulster County Jail,2019,212,0,5,217,74,2,0,17,7,117
Ulster County Jail,2018,247,0,33,280,90,0,0,19,7,164
Ulster County Jail,2017,271,0,9,280,88,0,0,23,8,161
Ulster County Jail,2016,252,0,9,261,78,0,0,24,8,151
Ulster County Jail,2015,255,0,31,286,78,0,0,21,9,178
Ulster County Jail,2014,303,0,59,362,96,0,0,20,9,236
Ulster County Jail,2013,290,2,52,340,95,0,1,25,10,210
Ulster County Jail,2012,324,1,27,350,99,0,2,22,11,216
Ulster County Jail,2011,301,0,28,329,100,0,3,20,8,197
Ulster County Jail,2010,301,0,31,332,102,0,9,16,6,199
Ulster County Jail,2009,246,0,51,297,92,0,16,23,5,162
Ulster County Jail,2008,265,0,39,304,91,0,7,22,3,181
Ulster County Jail,2007,253,2,3,254,76,0,0,21,2,155
Ulster County Jail,2006,261,21,0,240,71,0,0,31,3,134
Ulster County Jail,2005,270,29,0,241,91,0,0,22,3,126
Ulster County Jail,2004,277,35,0,242,92,0,0,16,4,130
Ulster County Jail,2003,250,17,0,233,91,0,0,17,3,122
Ulster County Jail,2002,247,15,0,232,98,0,0,19,5,110
Ulster County Jail,2001,222,5,0,217,91,0,0,14,5,106
Ulster County Jail,2000,254,9,0,244,104,0,0,12,7,121
Ulster County Jail,1999,245,40,0,205,78,0,0,13,16,97
Ulster County Jail,1998,229,47,0,182,58,0,0,13,14,97
Ulster County Jail,1997,223,33,0,189,76,0,0,14,7,92
Warren County Jail,2019,105,1,0,104,35,0,5,10,2,52
Warren County Jail,2018,140,0,0,141,41,0,2,8,2,87
Warren County Jail,2017,117,0,1,118,29,1,3,9,2,73
Warren County Jail,2016,124,0,1,125,27,1,9,14,3,71
Warren County Jail,2015,130,0,1,130,33,1,11,7,3,75
Warren County Jail,2014,128,1,3,130,30,1,11,6,3,79
Warren County Jail,2013,128,0,2,130,29,1,8,11,3,79
Warren County Jail,2012,133,0,15,148,41,3,0,10,3,90
Warren County Jail,2011,139,1,14,152,42,2,0,10,3,95
Warren County Jail,2010,129,0,26,154,36,3,0,6,2,107
Warren County Jail,2009,127,0,20,147,32,5,0,6,2,101
Warren County Jail,2008,138,0,10,147,40,3,0,8,1,95
Warren County Jail,2007,119,0,25,143,35,3,0,10,1,94
Warren County Jail,2006,133,0,18,151,38,2,0,8,1,102
Warren County Jail,2005,117,0,24,141,37,2,0,11,1,90
Warren County Jail,2004,110,38,1,72,24,3,0,6,2,38
Warren County Jail,2003,96,32,0,64,22,1,0,2,2,36
Warren County Jail,2002,99,34,0,65,22,2,0,4,2,34
Warren County Jail,2001,78,18,1,61,26,1,0,3,1,30
Warren County Jail,2000,82,20,0,62,29,1,0,4,3,26
Warren County Jail,1999,76,13,1,64,32,1,0,3,4,23
Warren County Jail,1998,70,8,0,62,25,1,0,3,5,28
Warren County Jail,1997,83,16,1,68,29,1,0,4,4,31
Washington County Jail,2019,70,0,2,72,26,2,0,11,2,32
Washington County Jail,2018,81,0,0,81,27,1,5,9,2,37
Washington County Jail,2017,87,0,2,89,30,2,1,10,2,44
Washington County Jail,2016,76,0,0,77,22,2,3,7,3,40
Washington County Jail,2015,92,0,0,92,25,1,4,7,2,52
Washington County Jail,2014,105,0,1,106,25,1,6,7,2,64
Washington County Jail,2013,121,1,3,123,30,1,9,13,3,66
Washington County Jail,2012,94,0,15,109,22,2,5,8,2,70
Washington County Jail,2011,85,0,10,95,30,2,4,8,3,49
Washington County Jail,2010,103,0,16,119,29,3,7,9,2,68
Washington County Jail,2009,104,0,7,111,28,2,17,8,2,55
Washington County Jail,2008,105,0,15,119,24,2,31,8,1,53
Washington County Jail,2007,99,0,32,131,20,2,30,7,2,69
Washington County Jail,2006,91,1,45,136,33,3,17,6,1,75
Washington County Jail,2005,73,0,33,105,34,1,8,4,1,57
Washington County Jail,2004,84,1,34,117,32,2,9,4,1,68
Washington County Jail,2003,74,4,9,80,29,1,1,5,1,42
Washington County Jail,2002,59,10,0,49,15,1,0,4,1,28
Washington County Jail,2001,61,14,0,47,16,0,0,5,1,24
Washington County Jail,2000,57,22,0,35,8,1,0,3,3,20
Washington County Jail,1999,54,7,0,48,15,1,0,4,4,25
Washington County Jail,1998,54,4,0,50,15,0,0,6,3,26
Washington County Jail,1997,52,3,0,50,15,0,0,6,2,27
Wayne County Jail,2019,68,6,3,65,31,0,0,7,0,26
Wayne County Jail,2018,93,7,11,97,43,0,0,10,0,44
Wayne County Jail,2017,89,4,9,94,41,0,0,10,0,43
Wayne County Jail,2016,98,7,9,100,44,0,4,9,0,41
Wayne County Jail,2015,121,7,5,119,60,0,1,8,0,51
Wayne County Jail,2014,115,8,7,114,53,0,0,5,0,55
Wayne County Jail,2013,109,5,10,114,51,0,2,4,1,56
Wayne County Jail,2012,108,8,14,115,41,0,10,5,3,56
Wayne County Jail,2011,132,6,2,128,50,0,18,10,2,49
Wayne County Jail,2010,129,5,7,132,48,0,16,7,2,58
Wayne County Jail,2009,113,8,8,114,39,0,7,6,2,58
Wayne County Jail,2008,123,6,18,136,47,0,18,9,3,59
Wayne County Jail,2007,127,8,20,139,46,0,15,11,4,63
Wayne County Jail,2006,131,8,17,140,39,0,9,16,4,72
Wayne County Jail,2005,134,6,9,137,51,0,4,8,4,70
Wayne County Jail,2004,148,6,5,148,58,0,2,7,4,76
Wayne County Jail,2003,137,6,5,137,48,0,0,9,3,77
Wayne County Jail,2002,133,7,3,129,45,0,0,7,4,72
Wayne County Jail,2001,137,6,3,134,56,0,0,6,2,71
Wayne County Jail,2000,126,7,10,129,47,0,1,7,5,68
Wayne County Jail,1999,163,6,1,157,50,0,0,5,18,84
Wayne County Jail,1998,148,6,4,146,45,0,3,6,13,79
Wayne County Jail,1997,142,6,7,143,48,0,6,2,13,74
Westchester County Annex,2019,70,1,0,70,17,0,5,1,0,47
Westchester County Annex,2018,79,0,0,79,18,0,5,2,0,54
Westchester County Annex,2017,81,0,0,81,24,0,3,1,1,53
Westchester County Annex,2016,82,0,1,83,24,0,5,1,1,52
Westchester County Annex,2015,90,0,1,91,31,0,7,1,0,52
Westchester County Annex,2014,93,1,0,93,31,0,5,2,0,54
Westchester County Annex,2013,108,0,2,110,42,0,7,2,0,58
Westchester County Annex,2012,117,0,2,119,45,0,11,1,1,62
Westchester County Annex,2011,32,0,0,32,10,0,3,0,0,18
Westchester County Annex,2010,2,0,0,2,1,0,0,0,0,1
Westchester County Annex,2009,0,0,0,0,0,0,0,0,0,0
Westchester County Annex,2008,32,0,0,32,3,0,1,3,0,25
Westchester County Annex,2007,62,0,0,62,7,0,7,4,0,44
Westchester County Annex,2006,60,0,0,60,6,0,1,1,0,51
Westchester County Annex,2005,41,0,0,41,4,0,0,1,0,36
Westchester County Annex,2004,59,0,1,60,20,0,2,1,1,35
Westchester County Annex,2003,120,0,1,121,39,0,6,2,1,73
Westchester County Annex,2002,131,0,0,131,45,0,8,3,1,74
Westchester County Annex,2001,116,0,2,117,41,0,6,2,1,67
Westchester County Annex,2000,114,0,3,118,43,0,8,4,1,61
Westchester County Annex,1999,130,2,2,130,51,0,9,4,4,62
Westchester County Annex,1998,133,2,2,133,49,0,7,6,2,69
Westchester County Annex,1997,134,2,1,133,56,0,6,4,2,66
Westchester County Jail,2019,511,4,6,513,82,0,48,23,7,353
Westchester County Jail,2018,633,3,7,637,95,0,70,32,7,432
Westchester County Jail,2017,623,2,7,628,99,0,69,26,8,426
Westchester County Jail,2016,634,3,9,640,122,0,67,37,6,409
Westchester County Jail,2015,674,1,7,681,144,0,76,44,7,409
Westchester County Jail,2014,737,2,9,744,162,0,86,42,8,445
Westchester County Jail,2013,753,3,10,761,149,0,114,44,9,443
Westchester County Jail,2012,770,3,11,778,155,0,144,38,8,434
Westchester County Jail,2011,870,6,6,870,193,0,154,37,9,477
Westchester County Jail,2010,801,5,4,801,136,0,176,32,8,449
Westchester County Jail,2009,789,24,7,772,133,0,123,31,8,477
Westchester County Jail,2008,811,25,7,793,158,0,114,35,10,477
Westchester County Jail,2007,793,22,9,780,150,0,114,37,13,466
Westchester County Jail,2006,866,19,10,858,168,0,128,42,15,504
Westchester County Jail,2005,898,21,9,886,163,0,150,40,16,517
Westchester County Jail,2004,836,20,11,827,117,0,114,38,14,544
Westchester County Jail,2003,835,18,9,826,99,0,92,35,19,582
Westchester County Jail,2002,839,28,6,817,118,0,80,51,22,546
Westchester County Jail,2001,811,29,7,788,150,0,68,44,22,504
Westchester County Jail,2000,801,27,5,778,165,0,93,44,31,445
Westchester County Jail,1999,840,30,7,818,162,0,104,54,49,450
Westchester County Jail,1998,849,32,13,831,118,0,193,30,29,461
Westchester County Jail,1997,855,29,10,836,92,0,171,33,21,520
Westchester County Pen,2019,337,0,0,338,73,0,69,9,3,185
Westchester County Pen,2018,316,0,0,316,87,0,35,10,3,183
Westchester County Pen,2017,336,0,2,338,100,0,30,11,2,195
Westchester County Pen,2016,315,0,2,316,104,0,22,11,2,177
Westchester County Pen,2015,336,0,1,337,127,0,12,13,2,183
Westchester County Pen,2014,375,0,0,375,162,0,1,8,1,203
Westchester County Pen,2013,459,0,0,460,199,0,21,17,2,221
Westchester County Pen,2012,567,0,0,567,220,0,46,21,4,275
Westchester County Pen,2011,563,0,0,563,213,0,48,19,5,278
Westchester County Pen,2010,581,0,0,581,211,0,0,26,4,340
Westchester County Pen,2009,608,1,1,608,224,0,1,26,4,352
Westchester County Pen,2008,621,3,0,618,249,0,1,30,6,332
Westchester County Pen,2007,626,3,0,623,260,0,1,33,5,324
Westchester County Pen,2006,551,2,0,549,235,0,1,29,5,280
Westchester County Pen,2005,546,0,0,546,245,0,0,31,3,267
Westchester County Pen,2004,508,0,0,508,255,0,1,26,2,224
Westchester County Pen,2003,430,0,0,430,203,0,0,14,0,212
Westchester County Pen,2002,390,0,0,390,205,0,0,13,1,172
Westchester County Pen,2001,320,0,0,320,184,0,0,13,1,122
Westchester County Pen,2000,331,0,0,331,190,0,0,14,1,126
Westchester County Pen,1999,414,2,0,412,196,0,0,25,0,191
Westchester County Pen,1998,476,5,0,472,218,0,0,34,1,219
Westchester County Pen,1997,447,4,1,444,263,0,0,24,2,155
Wyoming County Jail,2019,42,1,9,50,14,0,0,2,1,33
Wyoming County Jail,2018,56,0,5,61,17,0,0,6,1,37
Wyoming County Jail,2017,47,0,8,55,15,0,0,5,1,34
Wyoming County Jail,2016,49,0,3,51,18,0,0,5,1,27
Wyoming County Jail,2015,52,0,1,53,19,0,0,3,1,30
Wyoming County Jail,2014,65,0,3,68,27,0,0,2,1,38
Wyoming County Jail,2013,57,0,5,62,22,0,0,3,1,36
Wyoming County Jail,2012,63,2,3,64,22,0,0,3,1,38
Wyoming County Jail,2011,66,4,4,67,27,0,0,3,1,37
Wyoming County Jail,2010,56,0,4,59,19,0,0,2,1,37
Wyoming County Jail,2009,54,0,3,57,21,0,0,3,1,33
Wyoming County Jail,2008,58,1,1,58,20,0,0,5,1,32
Wyoming County Jail,2007,56,0,1,57,19,0,0,5,0,32
Wyoming County Jail,2006,54,0,3,57,19,0,0,4,1,34
Wyoming County Jail,2005,53,0,7,60,20,0,0,2,1,38
Wyoming County Jail,2004,48,0,5,53,17,0,0,1,1,34
Wyoming County Jail,2003,46,0,6,52,14,0,0,1,0,36
Wyoming County Jail,2002,58,0,2,60,25,0,0,1,1,33
Wyoming County Jail,2001,53,0,2,54,21,0,1,1,1,31
Wyoming County Jail,2000,56,0,3,59,19,0,0,1,2,37
Wyoming County Jail,1999,42,0,7,49,14,0,0,1,3,30
Wyoming County Jail,1998,41,0,11,52,14,0,2,1,2,32
Wyoming County Jail,1997,42,0,16,57,15,0,4,1,1,37
Yates County Jail,2019,43,0,2,44,13,0,9,2,1,19
Yates County Jail,2018,42,0,4,45,11,0,9,4,2,20
Yates County Jail,2017,42,0,3,44,7,0,11,4,1,20
Yates County Jail,2016,46,0,0,46,10,0,6,4,2,24
Yates County Jail,2015,52,1,0,51,11,0,6,3,1,29
Yates County Jail,2014,47,1,0,47,11,0,8,2,1,23
Yates County Jail,2013,49,0,0,49,10,0,9,3,1,25
Yates County Jail,2012,49,0,0,49,11,0,9,3,1,24
Yates County Jail,2011,53,0,0,53,15,0,10,2,1,25
Yates County Jail,2010,48,1,0,48,13,0,11,3,1,20
Yates County Jail,2009,47,0,1,48,13,0,12,2,1,20
Yates County Jail,2008,43,1,0,43,13,0,8,2,1,18
Yates County Jail,2007,49,0,1,49,18,0,4,3,1,23
Yates County Jail,2006,59,1,0,58,22,1,5,4,1,26
Yates County Jail,2005,53,0,1,54,15,0,12,2,1,23
Yates County Jail,2004,57,1,0,56,19,0,11,0,1,25
Yates County Jail,2003,49,0,0,50,15,0,12,1,1,19
Yates County Jail,2002,45,0,2,48,15,0,13,0,2,17
Yates County Jail,2001,41,0,6,46,19,0,15,1,1,10
Yates County Jail,2000,45,0,4,49,30,0,5,1,5,9
Yates County Jail,1999,44,0,9,54,33,0,0,0,7,12
Yates County Jail,1998,50,0,5,55,24,0,9,3,3,16
Yates County Jail,1997,49,0,5,54,21,0,18,1,1,12
